variable,mean,median,sd,mad,q5,q95,rhat,ess_bulk,ess_tail
lp__,-56.6755687375,-56.3015,1.7968482579997374,1.5551732699999967,-60.138275,-54.516594999999995,1.0018430936249783,3053.2896560805634,3474.334798934039
w[1],0.366398971825,0.36317900000000003,0.08495949357821851,0.0833621502,0.23319715,0.5102652,1.0000265196603269,5033.809912285981,5077.436510673665
w[2],0.3474225298375,0.34584499999999996,0.08584708499169239,0.08457121049999995,0.20921195,0.4903534499999999,0.9998259909593912,8326.686448890245,5837.624803894999
w[3],0.073541139931325,0.056216550000000004,0.06578856733479242,0.05561514294,0.0042515855,0.20301034999999992,1.0010651054291009,6431.7437663911,3757.5023092472265
w[4],0.100921929568975,0.07851765,0.08400823951308288,0.07463645616,0.007070632500000001,0.26621294999999984,1.0002700740413315,6836.788513374487,5021.106952727715
w[5],0.11171543912473063,0.08966025,0.09119967508156639,0.08524223525999998,0.007712840500000002,0.29227679999999984,1.000997566536035,6213.619735132555,4426.885759808234
logit_c,1.286014519476625,1.23532,0.6596404004541494,0.6520556342999999,0.29213910000000004,2.4484214999999985,1.0011634394041358,5403.577929610615,4625.808413005142
c,3.8224938975,3.8737399999999997,0.5366936460108486,0.5572277970000002,2.8626025000000004,4.60223,1.0008708026522186,5403.591148743321,4625.808413005142
r[1],0.5,0.5,0,0,0.5,0.5,NA,NA,NA
r[2],0.5,0.5,0,0,0.5,0.5,NA,NA,NA
r[3],0.5,0.5,0,0,0.5,0.5,NA,NA,NA
r[4],0.5,0.5,0,0,0.5,0.5,NA,NA,NA
r[5],0.5,0.5,0,0,0.5,0.5,NA,NA,NA
r[6],0.5,0.5,0,0,0.5,0.5,NA,NA,NA
r[7],0.5,0.5,0,0,0.5,0.5,NA,NA,NA
r[8],0.5,0.5,0,0,0.5,0.5,NA,NA,NA
r[9],0.533089614625,0.534254,0.10365115691272592,0.10649441670000002,0.36039949999999993,0.7019693999999999,0.9999766704760698,5752.782115532363,5625.952059573706
r[10],0.0789192228375,0.07260905,0.02919396891578647,0.025289820149999993,0.044504445,0.13480324999999993,1.0002199096038178,6530.96054464597,5396.663163683316
r[11],0.382049162675,0.3799935,0.09834228053348448,0.10120079339999997,0.2248241,0.54906055,0.9998921347140496,8297.493228766753,5584.325923555796
r[12],0.721300467875,0.7373935,0.09159738415570196,0.08278616009999994,0.5458925499999999,0.8412717999999999,1.0002160195524388,5687.127030725149,6100.529677501034
r[13],0.1249136231125,0.11954100000000001,0.04013352107470233,0.03828110264999999,0.06921886500000002,0.19716055,1.0005750043057233,9311.123444656827,5920.223140124675
r[14],0.1083799988375,0.102891,0.036738667550103694,0.03443983431,0.05881334,0.17571715000000002,1.0008322495962583,9666.255444465782,5860.091760207403
r[15],0.840955872875,0.8462735,0.03785479075352733,0.03609760350000003,0.77100585,0.89328885,1.0007864021607438,8033.328340022207,5918.404253212925
r[16],0.375658976375,0.372933,0.0795916286273375,0.08043994559999999,0.24845285,0.5110657,1.0000855939122457,9260.625218527868,5532.244262439216
r[17],0.8127218295,0.820612,0.05243154205915574,0.04865374290000004,0.71461685,0.8832285499999999,1.000592499902239,7133.319138017748,5891.288821555934
r[18],0.37638993275,0.3748935,0.0787074924321716,0.08030651159999998,0.24914345,0.5075677,1.0003321919512935,8115.0905808588295,5110.686880089407
r[19],0.1188899572625,0.112915,0.04133569079352717,0.0391739985,0.063012265,0.1951240999999999,1.000908369135643,8900.578562224699,6107.745781132982
r[20],0.81932465625,0.8251934999999999,0.044720691677637904,0.04243349460000018,0.7369409,0.8817313,1.0008425866201278,8389.109281078803,6229.537774010027
r[21],0.108555744125,0.103291,0.03700314902845038,0.03523250640000001,0.057906189999999996,0.17591849999999995,1.0011945483363156,9213.213599247465,6060.119032069494
r[22],0.398730048625,0.3968615,0.0808975399356817,0.08156746289999998,0.26905860000000004,0.5358833000000001,0.9999242093600534,10151.590185477366,5394.837199055388
r[23],0.81703061025,0.822524,0.0446583649289566,0.04260695880000006,0.7344362,0.8794053500000001,1.0008856745390753,8105.415529606271,6051.258442994705
r[24],0.394138383625,0.3944975,0.0808725627720559,0.0827016519,0.2624495,0.5279573000000001,1.0004489210494254,7966.557019273922,5237.234334423034
r[25],0.432848776,0.4313245,0.08535214618697302,0.08435178570000001,0.2932783,0.5748021999999999,1.0003000473480559,10754.50056829837,5144.285305113319
r[26],0.402031760875,0.40042,0.08059517823935483,0.08031021809999997,0.27053350000000004,0.5372762999999999,1.000483478656214,10666.700540568856,5470.023875171442
r[27],0.370387978375,0.370347,0.07471873811796075,0.07623010289999996,0.25042365,0.49535935,1.0008201138032917,8862.363937020209,4439.697132188133
r[28],0.820137767625,0.8246405,0.0398586317187813,0.03841268339999994,0.74835175,0.8772183499999999,1.0010550041317166,8269.711332827877,5614.876531217249
r[29],0.124521839875,0.1190225,0.041154520460243815,0.03991752239999998,0.0671542,0.1994628499999996,1.0008907256190152,9272.552096839949,5884.659777837718
r[30],0.357631296375,0.357031,0.07393072100872475,0.07536945359999998,0.2392441,0.4811742499999999,1.00083741074991,8900.723139531545,4898.084296630734
r[31],0.405023492125,0.403053,0.0808984404209995,0.08107598100000002,0.27330495,0.54084755,1.0002805849527827,10537.734934923272,5402.286608472159
r[32],0.816271475375,0.820882,0.04115582164024312,0.03984116850000003,0.7416554000000001,0.87517055,1.0009590867570959,8166.622850557015,5946.379038003744
r[33],0.1204646172625,0.114937,0.03968455595411085,0.037702073219999986,0.06563139,0.19280784999999998,1.0008535836165917,9453.9229823257,5930.323063517336
r[34],0.833379903875,0.8371280000000001,0.036098177275046835,0.03472619850000002,0.7676992,0.8847311500000001,1.000833665763332,8544.94913587243,5799.936709311218
r[35],0.397296721125,0.3957585,0.07967540576425115,0.07994549849999998,0.2673993,0.5316619999999999,1.0002374323610033,10682.733850861678,5418.563242745556
r[36],0.830335316875,0.834104,0.0365118933771547,0.03514577429999998,0.76410175,0.88233575,1.0008213289333898,8514.852088257718,5762.86538655252
r[37],0.376138898125,0.375732,0.07533982171937915,0.07659482250000003,0.25415765,0.5010903999999999,1.0006579153384798,8589.022649079501,4611.365548864291
r[38],0.828630503875,0.8323860000000001,0.0367999469279369,0.035547558899999936,0.76233275,0.88126715,1.0009163686393712,8282.924726444331,5850.662775052305
r[39],0.113117594975,0.1079585,0.03734210817581523,0.03536393889,0.06185849,0.18073699999999998,1.0010486055661711,9697.664806967976,5955.228533759198
r[40],0.400202692125,0.398536,0.0796791893365608,0.0797401584,0.27037439999999996,0.53392365,1.0002506586543474,10725.232068349245,5355.642543308485
r[41],0.37665573075,0.37445,0.07747822719007462,0.07800922289999997,0.2530339,0.50907165,1.0002691087753603,10523.281466525346,5211.945500578197
r[42],0.370241032875,0.36974850000000004,0.07431412905256746,0.07576827300000005,0.25003605,0.4933437,1.0009425368882219,8817.9587716712,4717.403151027805
r[43],0.131293039475,0.125252,0.04345236216080345,0.04162992539999999,0.071209225,0.2111774,1.000866444600246,9297.062016511989,6151.860170513567
r[44],0.37872805875,0.3788745,0.07609963534701919,0.07822271729999998,0.2551272,0.5061595999999999,1.0004507266803317,8457.170016768488,5006.6579981050045
r[45],0.120479293075,0.11493400000000001,0.04008233812067753,0.03818629038,0.06543088,0.19499805,1.0008577094490108,9614.41843198654,6023.561360795903
r[46],0.367604242875,0.367011,0.07554765525806714,0.07666895249999998,0.24562425000000002,0.49380435,1.0007487207527062,8449.22382052498,4656.889844645522
r[47],0.38256385975,0.380356,0.07711724746804349,0.07789283879999996,0.2591897,0.5137783999999999,1.0001920788335148,10476.147110257918,5230.215769436692
r[48],0.82598327325,0.8300345,0.03757223944790856,0.036442307999999986,0.75840975,0.87946895,1.0008581800246446,8650.634755433019,6035.890119948136
r[49],0.375415231375,0.3750735,0.07634522981725723,0.07812708960000003,0.2519788,0.5022705999999999,1.0004476084006975,8058.063557774611,4924.280469505639
r[50],0.825982009375,0.8297924999999999,0.03749479521187287,0.036211763700000024,0.75847975,0.87946325,1.0009286487283624,8456.012327104261,5964.47436525122
r[51],0.826547796,0.830376,0.03719213280506655,0.036073140599999984,0.75931595,0.8795443499999999,1.0007835292742355,8392.746750614284,5707.935506792619
r[52],0.1244188001,0.11917,0.04029927535916253,0.03867851358,0.068257825,0.19814984999999985,1.0008729525664517,9369.297453352865,6097.502301983332
r[53],0.1197209380875,0.1141285,0.039602410166492893,0.03783135593999999,0.06481776,0.1920588,1.0008900532672063,9381.481129405662,5949.55875710356
r[54],0.36745238475,0.3670835,0.07586905993075381,0.07769342909999999,0.2447984,0.49511235,1.0005085879028217,8466.432805836777,4705.347803224039
r[55],0.119627788175,0.114136,0.03984851207311928,0.0379567839,0.06477506999999999,0.19284245,1.0007696194080244,9335.342254644202,6000.476978279196
r[56],0.360501706125,0.35987,0.07482683430001019,0.07611520139999998,0.2405294,0.48508615,1.0006523557098417,8373.205573902838,4742.734113844837
r[57],0.407734249625,0.406348,0.0794488785656033,0.0800922759,0.27861775,0.5406459499999998,1.0001849751401568,10576.019194520166,5223.614520956478
r[58],0.121523404525,0.1157205,0.040682416259188815,0.03884063589,0.06536,0.1959557499999999,1.000908564119127,9248.564243303968,6049.411469017336
r[59],0.833357304875,0.8373575,0.03632425799119994,0.03500122079999994,0.76781115,0.8853211000000001,1.000880106829263,8432.816208635611,5844.9634758307475
r[60],0.400678214,0.3990165,0.07912062179018194,0.07946958389999999,0.27194915,0.5341387499999997,1.0002665015547734,10599.914321621907,5251.754497923102
r[61],0.82747625175,0.8315515,0.037678316560911126,0.03621028109999998,0.75932425,0.8814812,1.0008346309316525,8397.675335493384,5835.681174269056
r[62],0.39012444275,0.38851,0.07796222925447786,0.07843621169999998,0.26340105,0.5220909,1.0002335636228035,10600.850263592189,5216.732256156601
r[63],0.388423126125,0.3864455,0.07808037757692733,0.0782649714,0.261645,0.5208433999999998,1.0002340441746185,10648.05336966006,5234.667141327518
r[64],0.372714687,0.372739,0.075358178417123875,0.0768194364,0.25085514999999997,0.4972230999999999,1.0007487763911982,8382.035906380148,4563.406833797205
r[65],0.1204646172625,0.114937,0.03968455595411085,0.037702073219999986,0.06563139,0.19280784999999998,1.0008535836165917,9453.9229823257,5930.323063517336
r[66],0.362115884625,0.3615745,0.07400690166865782,0.07536945360000002,0.2428727,0.48505504999999993,1.0007577180409504,8628.406118121062,4580.233841573942
r[67],0.1207721691375,0.11519399999999999,0.0400744306042017,0.03808791987,0.06534620499999999,0.19372529999999988,1.0008516762482964,9378.431137457934,5954.395064554483
r[68],0.357248488375,0.3569025,0.07368411009738443,0.07510036169999998,0.23916075000000003,0.48028319999999997,1.0006868273775085,8699.75377814083,4848.369785648476
r[69],0.39066836575,0.38912749999999996,0.07725838624297905,0.0777927633,0.26528605,0.5214567,1.0001981494928391,10576.451722311334,5261.076570802007
r[70],0.82970171325,0.8332945,0.03659777952735406,0.03530441249999994,0.76343735,0.88180145,1.0007023481951844,8386.259235705089,5644.018714307469
r[71],0.1197913665125,0.1142755,0.03962091747902542,0.03768027900000001,0.064961025,0.19202029999999995,1.0008626755906922,9418.525726292379,5977.843934729042
r[72],0.388782076375,0.3871915,0.07783187970367648,0.07780536539999999,0.26239215,0.5201783499999999,1.0002209576837777,10617.30998616326,5333.392259825035
r[73],0.387209468625,0.3855225,0.07771255778102323,0.0782078913,0.2610223,0.51906045,1.0001985866898178,10656.841498650643,5163.5451594050555
r[74],0.361078398875,0.36062099999999997,0.07387721992103304,0.07548583770000004,0.24219949999999998,0.48388329999999985,1.0008305703364133,8678.55037703932,4683.45974585393
r[75],0.829916625625,0.833678,0.03637600263127667,0.03505978350000006,0.76395925,0.8818289,1.0007883623199703,8451.789957538791,5798.277521512768
r[76],0.119683974125,0.1141215,0.03949172110220476,0.03767353317,0.065047155,0.19113419999999995,1.0009866922885757,9534.468429368964,5881.373982283644
r[77],0.369951734875,0.36987800000000004,0.07529000462728722,0.07696324860000002,0.24783875000000002,0.4954565999999997,1.0005573447396567,8509.631987980722,4745.110589730855
r[78],0.1198156474875,0.114259,0.03966291418669742,0.0378114891,0.065114925,0.19284949999999995,1.0007739791435966,9502.88578459316,5923.3610902768305
r[79],0.384285851875,0.382085,0.07674921474726125,0.07705220459999998,0.26033059999999997,0.5143566999999997,1.000244103031621,10540.138770460264,5296.888170457034
r[80],0.83385025925,0.8378105,0.03588683388804107,0.034531236599999925,0.7684466999999999,0.8847429,1.0009361170778661,8435.07179562086,5830.642310595707
r[81],0.364795378625,0.364262,0.07432898554940137,0.0752738259,0.24490835,0.48886604999999994,1.0006651015685466,8673.863377989785,4837.163403022867
r[82],0.82223540025,0.826418,0.03849886686797502,0.03720436440000001,0.75285465,0.8779125,1.000839174924033,8378.011986843061,5769.306295719969
r[83],0.120938134975,0.115619,0.03986214927303365,0.03819451881,0.06573255,0.19379824999999998,1.000960066334434,9339.453399913751,5885.303271338023
r[84],0.385517799625,0.38353400000000004,0.07756316306218597,0.0779558493,0.2600852,0.5177130999999999,1.0002425955835577,10539.554345059863,5269.8357546166335
r[85],0.3585283145,0.3577815,0.07386595582290291,0.07529458230000001,0.2402745,0.48197234999999994,1.0008415243980724,8722.079923026125,4710.8948274102495
r[86],0.3880933785,0.3865255,0.07772538644700829,0.07745917830000004,0.2619961,0.5198463,1.0002452113464309,10674.855332318428,5353.245363581537
r[87],0.831321496875,0.8350305,0.03595398875184972,0.034692098699999944,0.76639775,0.88255915,1.0009559988094567,8461.05886854095,5920.654815196243
r[88],0.82497223725,0.829074,0.037694430983981085,0.036378556200000044,0.7573792,0.8790948,1.0007099447853685,8496.93983031093,5769.780558183815
r[89],0.367541038125,0.3675465,0.07477504257737322,0.07614337080000001,0.24683080000000002,0.49211994999999986,1.0005499095009402,8539.545054269009,4585.0345001945425
r[90],0.825457440625,0.8294475,0.037352012655453404,0.036116135999999986,0.7583445,0.8792625000000001,1.0007657004949424,8495.01748958869,5745.711436539657
r[91],0.82766213875,0.831515,0.036679754064998606,0.03552828509999995,0.7615277,0.8803571,1.0008074943342422,8537.358228054549,5760.353295247834
r[92],0.3866866165,0.38446499999999995,0.07733409421134455,0.07772308110000001,0.26133164999999997,0.5179769,1.0002119225157136,10622.073494554257,5180.833403043344
r[93],0.1236607962625,0.118231,0.04051511038111993,0.03860549553000001,0.06752808,0.19755469999999997,1.0009371283008859,9383.446195735583,5930.84734635362
r[94],0.382913321375,0.3809515,0.07716863982134406,0.07759335359999998,0.25804720000000003,0.5138574,1.0002411615113342,10631.240246822792,5199.272574248269
r[95],0.123168197475,0.117698,0.04046568278923573,0.038594301899999996,0.066985595,0.19764484999999996,1.0009074446268673,9402.528491962295,5903.2583525003765
r[96],0.3682269075,0.367948,0.07472225177749618,0.07620638130000001,0.2474371,0.4924076499999999,1.0007339874127752,8483.538317657687,4745.974699984251
rr[1],NA,NA,NA,NA,NA,NA,NA,NA,NA
rr[2],NA,NA,NA,NA,NA,NA,NA,NA,NA
rr[3],NA,NA,NA,NA,NA,NA,NA,NA,NA
rr[4],NA,NA,NA,NA,NA,NA,NA,NA,NA
rr[5],NA,NA,NA,NA,NA,NA,NA,NA,NA
rr[6],NA,NA,NA,NA,NA,NA,NA,NA,NA
rr[7],NA,NA,NA,NA,NA,NA,NA,NA,NA
rr[8],NA,NA,NA,NA,NA,NA,NA,NA,NA
rr[9],0.533089614625,0.534254,0.10365115691272592,0.10649441670000002,0.36039949999999993,0.7019693999999999,0.9999766704760698,5752.782115532363,5625.952059573706
rr[10],0.0789192228375,0.07260905,0.02919396891578647,0.025289820149999993,0.044504445,0.13480324999999993,1.0002199096038178,6530.96054464597,5396.663163683316
rr[11],0.382049162675,0.3799935,0.09834228053348448,0.10120079339999997,0.2248241,0.54906055,0.9998921347140496,8297.493228766753,5584.325923555796
rr[12],0.721300467875,0.7373935,0.09159738415570196,0.08278616009999994,0.5458925499999999,0.8412717999999999,1.0002160195524388,5687.127030725149,6100.529677501034
rr[13],0.1249136231125,0.11954100000000001,0.04013352107470233,0.03828110264999999,0.06921886500000002,0.19716055,1.0005750043057233,9311.123444656827,5920.223140124675
rr[14],0.1083799988375,0.102891,0.036738667550103694,0.03443983431,0.05881334,0.17571715000000002,1.0008322495962583,9666.255444465782,5860.091760207403
rr[15],0.840955872875,0.8462735,0.03785479075352733,0.03609760350000003,0.77100585,0.89328885,1.0007864021607438,8033.328340022207,5918.404253212925
rr[16],0.375658976375,0.372933,0.0795916286273375,0.08043994559999999,0.24845285,0.5110657,1.0000855939122457,9260.625218527868,5532.244262439216
rr[17],0.8127218295,0.820612,0.05243154205915574,0.04865374290000004,0.71461685,0.8832285499999999,1.000592499902239,7133.319138017748,5891.288821555934
rr[18],0.37638993275,0.3748935,0.0787074924321716,0.08030651159999998,0.24914345,0.5075677,1.0003321919512935,8115.0905808588295,5110.686880089407
rr[19],0.1188899572625,0.112915,0.04133569079352717,0.0391739985,0.063012265,0.1951240999999999,1.000908369135643,8900.578562224699,6107.745781132982
rr[20],0.81932465625,0.8251934999999999,0.044720691677637904,0.04243349460000018,0.7369409,0.8817313,1.0008425866201278,8389.109281078803,6229.537774010027
rr[21],0.108555744125,0.103291,0.03700314902845038,0.03523250640000001,0.057906189999999996,0.17591849999999995,1.0011945483363156,9213.213599247465,6060.119032069494
rr[22],0.398730048625,0.3968615,0.0808975399356817,0.08156746289999998,0.26905860000000004,0.5358833000000001,0.9999242093600534,10151.590185477366,5394.837199055388
rr[23],0.81703061025,0.822524,0.0446583649289566,0.04260695880000006,0.7344362,0.8794053500000001,1.0008856745390753,8105.415529606271,6051.258442994705
rr[24],0.394138383625,0.3944975,0.0808725627720559,0.0827016519,0.2624495,0.5279573000000001,1.0004489210494254,7966.557019273922,5237.234334423034
rr[25],0.432848776,0.4313245,0.08535214618697302,0.08435178570000001,0.2932783,0.5748021999999999,1.0003000473480559,10754.50056829837,5144.285305113319
rr[26],0.402031760875,0.40042,0.08059517823935483,0.08031021809999997,0.27053350000000004,0.5372762999999999,1.000483478656214,10666.700540568856,5470.023875171442
rr[27],0.370387978375,0.370347,0.07471873811796075,0.07623010289999996,0.25042365,0.49535935,1.0008201138032917,8862.363937020209,4439.697132188133
rr[28],0.820137767625,0.8246405,0.0398586317187813,0.03841268339999994,0.74835175,0.8772183499999999,1.0010550041317166,8269.711332827877,5614.876531217249
rr[29],0.124521839875,0.1190225,0.041154520460243815,0.03991752239999998,0.0671542,0.1994628499999996,1.0008907256190152,9272.552096839949,5884.659777837718
rr[30],0.357631296375,0.357031,0.07393072100872475,0.07536945359999998,0.2392441,0.4811742499999999,1.00083741074991,8900.723139531545,4898.084296630734
rr[31],0.405023492125,0.403053,0.0808984404209995,0.08107598100000002,0.27330495,0.54084755,1.0002805849527827,10537.734934923272,5402.286608472159
rr[32],0.816271475375,0.820882,0.04115582164024312,0.03984116850000003,0.7416554000000001,0.87517055,1.0009590867570959,8166.622850557015,5946.379038003744
rr[33],0.1204646172625,0.114937,0.03968455595411085,0.037702073219999986,0.06563139,0.19280784999999998,1.0008535836165917,9453.9229823257,5930.323063517336
rr[34],0.833379903875,0.8371280000000001,0.036098177275046835,0.03472619850000002,0.7676992,0.8847311500000001,1.000833665763332,8544.94913587243,5799.936709311218
rr[35],0.397296721125,0.3957585,0.07967540576425115,0.07994549849999998,0.2673993,0.5316619999999999,1.0002374323610033,10682.733850861678,5418.563242745556
rr[36],0.830335316875,0.834104,0.0365118933771547,0.03514577429999998,0.76410175,0.88233575,1.0008213289333898,8514.852088257718,5762.86538655252
rr[37],0.376138898125,0.375732,0.07533982171937915,0.07659482250000003,0.25415765,0.5010903999999999,1.0006579153384798,8589.022649079501,4611.365548864291
rr[38],0.828630503875,0.8323860000000001,0.0367999469279369,0.035547558899999936,0.76233275,0.88126715,1.0009163686393712,8282.924726444331,5850.662775052305
rr[39],0.113117594975,0.1079585,0.03734210817581523,0.03536393889,0.06185849,0.18073699999999998,1.0010486055661711,9697.664806967976,5955.228533759198
rr[40],0.400202692125,0.398536,0.0796791893365608,0.0797401584,0.27037439999999996,0.53392365,1.0002506586543474,10725.232068349245,5355.642543308485
rr[41],0.37665573075,0.37445,0.07747822719007462,0.07800922289999997,0.2530339,0.50907165,1.0002691087753603,10523.281466525346,5211.945500578197
rr[42],0.370241032875,0.36974850000000004,0.07431412905256746,0.07576827300000005,0.25003605,0.4933437,1.0009425368882219,8817.9587716712,4717.403151027805
rr[43],0.131293039475,0.125252,0.04345236216080345,0.04162992539999999,0.071209225,0.2111774,1.000866444600246,9297.062016511989,6151.860170513567
rr[44],0.37872805875,0.3788745,0.07609963534701919,0.07822271729999998,0.2551272,0.5061595999999999,1.0004507266803317,8457.170016768488,5006.6579981050045
rr[45],0.120479293075,0.11493400000000001,0.04008233812067753,0.03818629038,0.06543088,0.19499805,1.0008577094490108,9614.41843198654,6023.561360795903
rr[46],0.367604242875,0.367011,0.07554765525806714,0.07666895249999998,0.24562425000000002,0.49380435,1.0007487207527062,8449.22382052498,4656.889844645522
rr[47],0.38256385975,0.380356,0.07711724746804349,0.07789283879999996,0.2591897,0.5137783999999999,1.0001920788335148,10476.147110257918,5230.215769436692
rr[48],0.82598327325,0.8300345,0.03757223944790856,0.036442307999999986,0.75840975,0.87946895,1.0008581800246446,8650.634755433019,6035.890119948136
rr[49],0.375415231375,0.3750735,0.07634522981725723,0.07812708960000003,0.2519788,0.5022705999999999,1.0004476084006975,8058.063557774611,4924.280469505639
rr[50],0.825982009375,0.8297924999999999,0.03749479521187287,0.036211763700000024,0.75847975,0.87946325,1.0009286487283624,8456.012327104261,5964.47436525122
rr[51],0.826547796,0.830376,0.03719213280506655,0.036073140599999984,0.75931595,0.8795443499999999,1.0007835292742355,8392.746750614284,5707.935506792619
rr[52],0.1244188001,0.11917,0.04029927535916253,0.03867851358,0.068257825,0.19814984999999985,1.0008729525664517,9369.297453352865,6097.502301983332
rr[53],0.1197209380875,0.1141285,0.039602410166492893,0.03783135593999999,0.06481776,0.1920588,1.0008900532672063,9381.481129405662,5949.55875710356
rr[54],0.36745238475,0.3670835,0.07586905993075381,0.07769342909999999,0.2447984,0.49511235,1.0005085879028217,8466.432805836777,4705.347803224039
rr[55],0.119627788175,0.114136,0.03984851207311928,0.0379567839,0.06477506999999999,0.19284245,1.0007696194080244,9335.342254644202,6000.476978279196
rr[56],0.360501706125,0.35987,0.07482683430001019,0.07611520139999998,0.2405294,0.48508615,1.0006523557098417,8373.205573902838,4742.734113844837
rr[57],0.407734249625,0.406348,0.0794488785656033,0.0800922759,0.27861775,0.5406459499999998,1.0001849751401568,10576.019194520166,5223.614520956478
rr[58],0.121523404525,0.1157205,0.040682416259188815,0.03884063589,0.06536,0.1959557499999999,1.000908564119127,9248.564243303968,6049.411469017336
rr[59],0.833357304875,0.8373575,0.03632425799119994,0.03500122079999994,0.76781115,0.8853211000000001,1.000880106829263,8432.816208635611,5844.9634758307475
rr[60],0.400678214,0.3990165,0.07912062179018194,0.07946958389999999,0.27194915,0.5341387499999997,1.0002665015547734,10599.914321621907,5251.754497923102
rr[61],0.82747625175,0.8315515,0.037678316560911126,0.03621028109999998,0.75932425,0.8814812,1.0008346309316525,8397.675335493384,5835.681174269056
rr[62],0.39012444275,0.38851,0.07796222925447786,0.07843621169999998,0.26340105,0.5220909,1.0002335636228035,10600.850263592189,5216.732256156601
rr[63],0.388423126125,0.3864455,0.07808037757692733,0.0782649714,0.261645,0.5208433999999998,1.0002340441746185,10648.05336966006,5234.667141327518
rr[64],0.372714687,0.372739,0.075358178417123875,0.0768194364,0.25085514999999997,0.4972230999999999,1.0007487763911982,8382.035906380148,4563.406833797205
rr[65],0.1204646172625,0.114937,0.03968455595411085,0.037702073219999986,0.06563139,0.19280784999999998,1.0008535836165917,9453.9229823257,5930.323063517336
rr[66],0.362115884625,0.3615745,0.07400690166865782,0.07536945360000002,0.2428727,0.48505504999999993,1.0007577180409504,8628.406118121062,4580.233841573942
rr[67],0.1207721691375,0.11519399999999999,0.0400744306042017,0.03808791987,0.06534620499999999,0.19372529999999988,1.0008516762482964,9378.431137457934,5954.395064554483
rr[68],0.357248488375,0.3569025,0.07368411009738443,0.07510036169999998,0.23916075000000003,0.48028319999999997,1.0006868273775085,8699.75377814083,4848.369785648476
rr[69],0.39066836575,0.38912749999999996,0.07725838624297905,0.0777927633,0.26528605,0.5214567,1.0001981494928391,10576.451722311334,5261.076570802007
rr[70],0.82970171325,0.8332945,0.03659777952735406,0.03530441249999994,0.76343735,0.88180145,1.0007023481951844,8386.259235705089,5644.018714307469
rr[71],0.1197913665125,0.1142755,0.03962091747902542,0.03768027900000001,0.064961025,0.19202029999999995,1.0008626755906922,9418.525726292379,5977.843934729042
rr[72],0.388782076375,0.3871915,0.07783187970367648,0.07780536539999999,0.26239215,0.5201783499999999,1.0002209576837777,10617.30998616326,5333.392259825035
rr[73],0.387209468625,0.3855225,0.07771255778102323,0.0782078913,0.2610223,0.51906045,1.0001985866898178,10656.841498650643,5163.5451594050555
rr[74],0.361078398875,0.36062099999999997,0.07387721992103304,0.07548583770000004,0.24219949999999998,0.48388329999999985,1.0008305703364133,8678.55037703932,4683.45974585393
rr[75],0.829916625625,0.833678,0.03637600263127667,0.03505978350000006,0.76395925,0.8818289,1.0007883623199703,8451.789957538791,5798.277521512768
rr[76],0.119683974125,0.1141215,0.03949172110220476,0.03767353317,0.065047155,0.19113419999999995,1.0009866922885757,9534.468429368964,5881.373982283644
rr[77],0.369951734875,0.36987800000000004,0.07529000462728722,0.07696324860000002,0.24783875000000002,0.4954565999999997,1.0005573447396567,8509.631987980722,4745.110589730855
rr[78],0.1198156474875,0.114259,0.03966291418669742,0.0378114891,0.065114925,0.19284949999999995,1.0007739791435966,9502.88578459316,5923.3610902768305
rr[79],0.384285851875,0.382085,0.07674921474726125,0.07705220459999998,0.26033059999999997,0.5143566999999997,1.000244103031621,10540.138770460264,5296.888170457034
rr[80],0.83385025925,0.8378105,0.03588683388804107,0.034531236599999925,0.7684466999999999,0.8847429,1.0009361170778661,8435.07179562086,5830.642310595707
rr[81],0.364795378625,0.364262,0.07432898554940137,0.0752738259,0.24490835,0.48886604999999994,1.0006651015685466,8673.863377989785,4837.163403022867
rr[82],0.82223540025,0.826418,0.03849886686797502,0.03720436440000001,0.75285465,0.8779125,1.000839174924033,8378.011986843061,5769.306295719969
rr[83],0.120938134975,0.115619,0.03986214927303365,0.03819451881,0.06573255,0.19379824999999998,1.000960066334434,9339.453399913751,5885.303271338023
rr[84],0.385517799625,0.38353400000000004,0.07756316306218597,0.0779558493,0.2600852,0.5177130999999999,1.0002425955835577,10539.554345059863,5269.8357546166335
rr[85],0.3585283145,0.3577815,0.07386595582290291,0.07529458230000001,0.2402745,0.48197234999999994,1.0008415243980724,8722.079923026125,4710.8948274102495
rr[86],0.3880933785,0.3865255,0.07772538644700829,0.07745917830000004,0.2619961,0.5198463,1.0002452113464309,10674.855332318428,5353.245363581537
rr[87],0.831321496875,0.8350305,0.03595398875184972,0.034692098699999944,0.76639775,0.88255915,1.0009559988094567,8461.05886854095,5920.654815196243
rr[88],0.82497223725,0.829074,0.037694430983981085,0.036378556200000044,0.7573792,0.8790948,1.0007099447853685,8496.93983031093,5769.780558183815
rr[89],0.367541038125,0.3675465,0.07477504257737322,0.07614337080000001,0.24683080000000002,0.49211994999999986,1.0005499095009402,8539.545054269009,4585.0345001945425
rr[90],0.825457440625,0.8294475,0.037352012655453404,0.036116135999999986,0.7583445,0.8792625000000001,1.0007657004949424,8495.01748958869,5745.711436539657
rr[91],0.82766213875,0.831515,0.036679754064998606,0.03552828509999995,0.7615277,0.8803571,1.0008074943342422,8537.358228054549,5760.353295247834
rr[92],0.3866866165,0.38446499999999995,0.07733409421134455,0.07772308110000001,0.26133164999999997,0.5179769,1.0002119225157136,10622.073494554257,5180.833403043344
rr[93],0.1236607962625,0.118231,0.04051511038111993,0.03860549553000001,0.06752808,0.19755469999999997,1.0009371283008859,9383.446195735583,5930.84734635362
rr[94],0.382913321375,0.3809515,0.07716863982134406,0.07759335359999998,0.25804720000000003,0.5138574,1.0002411615113342,10631.240246822792,5199.272574248269
rr[95],0.123168197475,0.117698,0.04046568278923573,0.038594301899999996,0.066985595,0.19764484999999996,1.0009074446268673,9402.528491962295,5903.2583525003765
rr[96],0.3682269075,0.367948,0.07472225177749618,0.07620638130000001,0.2474371,0.4924076499999999,1.0007339874127752,8483.538317657687,4745.974699984251
w_prior[1],0.200928981834425,0.1585495,0.1624616337695988,0.15112705187999997,0.013154675000000006,0.5262247499999998,1.0000559215203335,8257.972755259112,7857.595450440918
w_prior[2],0.1981732547547875,0.15867,0.16090508535249032,0.15104980842,0.013197465000000002,0.5192866499999994,1.0004541837225118,8152.069436363084,7681.028995367919
w_prior[3],0.200094946949325,0.159,0.1640562270603133,0.15612333975,0.01220294,0.5254592999999999,0.9999323960591728,7432.757939679467,7527.598236389383
w_prior[4],0.20301896180925,0.160853,0.1658890247465192,0.15609042602999998,0.013774975000000002,0.5351342999999995,1.0000024206998877,8204.91913105987,7999.433908925078
w_prior[5],0.1977838578375125,0.159875,0.16038536281500135,0.1531162563,0.013243750000000004,0.5199291999999999,1.0001166799934214,6914.822829270559,7308.482911321171
logit_c_prior,0.0078362125234875,0.0131993,1.0041369524917065,0.9972901637999999,-1.6595235000000002,1.6688839999999994,1.0001198274540368,7579.788876319576,7440.5416467855475
c_prior,2.508832553625,2.516495,1.044809297979746,1.2029297489999997,0.7991286,4.207133,1.0001198396687558,7579.796170015273,7440.5416467855475
r_prior[1],0.5,0.5,0,0,0.5,0.5,NA,NA,NA
r_prior[2],0.5,0.5,0,0,0.5,0.5,NA,NA,NA
r_prior[3],0.5,0.5,0,0,0.5,0.5,NA,NA,NA
r_prior[4],0.5,0.5,0,0,0.5,0.5,NA,NA,NA
r_prior[5],0.5,0.5,0,0,0.5,0.5,NA,NA,NA
r_prior[6],0.5,0.5,0,0,0.5,0.5,NA,NA,NA
r_prior[7],0.5,0.5,0,0,0.5,0.5,NA,NA,NA
r_prior[8],0.5,0.5,0,0,0.5,0.5,NA,NA,NA
r_prior[9],0.990397986125,0.999872,0.031681091467979886,1.8977280000002518e-4,0.9432416,1,0.9999529866517479,7584.797529905477,NA
r_prior[10],0.98321753225,0.999063,0.04315511407102315,0.001372887599999974,0.89843685,0.999994,1.0003611508677033,7612.456723015556,7975.803727865928
r_prior[11],0.993976967625,0.999982,0.024501846727904238,2.6686799999944387e-5,0.9677729,1,0.9999270704761751,7701.892778194927,NA
r_prior[12],0.995879254125,0.999996,0.019322731992215823,5.930400000005931e-6,0.9810447,1,1.0000796957977298,7911.631051922205,NA
r_prior[13],0.98433946025,0.999326,0.042161810832811224,9.94824599999966e-4,0.9047132,0.999999,1.0002342214899718,7528.903633503721,7854.2555025974525
r_prior[14],0.986133617875,0.9995715000000001,0.039642313856479074,6.338114999998725e-4,0.9148542500000001,1,1.000204820694056,7500.064778004141,NA
r_prior[15],0.9982504085,1,0.011570055443363186,0,0.99515285,1,0.9999729465863203,7881.207797657594,NA
r_prior[16],0.99085004375,0.999923,0.03155403021046046,1.1416019999999071e-4,0.9459019000000001,1,1.0004294757114827,7861.421523187231,NA
r_prior[17],0.997182447625,1,0.015596833951011302,0,0.9889083499999999,1,0.9998924210993038,7970.556088932052,NA
r_prior[18],0.99314703925,0.999989,0.02807593525321556,1.630859999997516e-5,0.9627154,1,0.9998084092499515,7732.25479358793,NA
r_prior[19],0.976537303,0.9985310000000001,0.05480833275509633,0.002174974199999994,0.86217755,0.999999,1.0005554499971911,7485.796855363913,7529.967817310875
r_prior[20],0.997792792375,1,0.013552350258449928,0,0.992606,1,0.9998351813240006,8118.0610760413165,NA
r_prior[21],0.958167718675,0.9972799999999999,0.08937020643941095,0.00403118940000004,0.7604782999999999,0.999999,1.0005807220257212,7789.24118698973,8014.512312417044
r_prior[22],0.993389532,0.999991,0.027372402364071437,1.3343400000054495e-5,0.96633895,1,1.0004292035464264,7844.844707288024,NA
r_prior[23],0.998637814875,1,0.01014529656415477,0,0.9969223500000001,1,0.9999474083505103,7791.166452750917,NA
r_prior[24],0.995737428875,1,0.024639695641826758,0,0.9847086,1,0.9997568954869268,8096.663672105906,NA
r_prior[25],0.997241318875,1,0.016321528560095434,0,0.9911855999999999,1,1.00047019647298,7826.67659313499,NA
r_prior[26],0.99748790925,1,0.01540952069467183,0,0.9925812,1,1.0005725070839988,7777.118001513392,NA
r_prior[27],0.997715561,1,0.014784237587982387,0,0.9931325,1,0.9997597397153728,7937.470124519144,NA
r_prior[28],0.99933120275,1,0.006332192409780498,0,0.999385,1,0.9998745899249881,7589.999978313088,NA
r_prior[29],0.988722849125,0.999964,0.039420764372156365,5.337360000005338e-5,0.93169395,1,1.0007054261080957,7403.129196213806,NA
r_prior[30],0.997831709125,1,0.015117873709386295,0,0.99466345,1,0.9996893119814171,7984.24765565455,NA
r_prior[31],0.998645771375,1,0.010137762968308433,0,0.9978318500000001,1,1.0006490576689788,7742.313033875253,NA
r_prior[32],0.9995886635,1,0.004452728149181586,0,0.9998199500000001,1,0.9998416623802813,7672.698913764354,NA
r_prior[33],0.99055614625,0.999986,0.03597625670104713,2.0756399999938455e-5,0.94626615,1,1.0006973591405834,7403.2950113356565,NA
r_prior[34],0.999644799875,1,0.003957630361919261,0,0.999885,1,0.9998223846495613,7693.167047563677,NA
r_prior[35],0.997756843125,1,0.01634930326037329,0,0.9955229499999999,1,1.0008288386961837,7668.544646110554,NA
r_prior[36],0.999696241,1,0.0035078120623976052,0,0.9999,1,0.9996233364494631,7864.410690968319,NA
r_prior[37],0.997711115,1,0.01789282865652302,0,0.9959702500000001,1,0.9998394241356048,8146.638533404602,NA
r_prior[38],0.999669245,1,0.0037367920731356903,0,0.9999,1,0.9996553505543311,7808.804075131588,NA
r_prior[39],0.95183747935125,0.999803,0.13950171112417756,2.92072200000004e-4,0.6753395000000001,1,1.0006844736870202,7457.487350995558,NA
r_prior[40],0.9973243235,1,0.02514458240722844,0,0.9966554999999999,1,1.0004401094442876,7791.189481532045,NA
r_prior[41],0.9972517630875,1,0.025816181991066344,0,0.9964263999999999,1,1.0003134645835987,7829.347402646493,NA
r_prior[42],0.99872989975,1,0.011417869729555294,0,0.99848325,1,0.9998089843375121,7827.847705600642,NA
r_prior[43],0.992912354,0.999999,0.036623977940503094,1.482600000042633e-6,0.97105425,1,1.0005236088277163,7409.621228555891,NA
r_prior[44],0.999149774625,1,0.00909947442444789,0,0.9994658999999999,1,0.9999105922122314,7829.5889022618085,NA
r_prior[45],0.9957094075,1,0.02387862809395464,0,0.9850889,1,1.0004304496048562,7466.777777018506,NA
r_prior[46],0.999262812125,1,0.008376215603454668,0,0.99965175,1,0.9999583367610401,8010.652951101591,NA
r_prior[47],0.9995312105,1,0.0048534408351119575,0,0.9998669499999999,1,0.9999925008128268,8237.881910091748,NA
r_prior[48],0.9998601715000001,0.9999,0.0015029723940711349,0,0.9999,1,0.9998391951687597,7790.399659417645,NA
r_prior[49],0.99934852475,1,0.007832992517780826,0,0.999762,1,1.0000904325108804,7890.568709270528,NA
r_prior[50],0.999863354375,0.9999,0.0014458892654744906,0,0.9999,1,0.9999040812247025,7758.068150891606,NA
r_prior[51],0.999863404375,0.9999,0.001445892261255919,0,0.9999,1,0.9999360248816198,7780.662127058185,NA
r_prior[52],0.9875630628375,0.999999,0.06482982723183309,1.482600000042633e-6,0.9545656499999999,1,1.0003784950254304,7853.682311628502,NA
r_prior[53],0.9858831658625,0.999999,0.06921129489772924,1.482600000042633e-6,0.9417931,1,1.000310626656773,7502.412908438476,NA
r_prior[54],0.998922938,0.999999,0.014366905726684014,1.482600000042633e-6,0.9997309,1,1.0001112422100233,7984.902242462257,NA
r_prior[55],0.9921001270625,1,0.04606357468037167,0,0.97689895,1,1.000349312427349,7537.495738274072,NA
r_prior[56],0.999137045875,0.999989,0.012575031913805414,1.630859999997516e-5,0.99987995,1,1.0001315880935981,7838.904102047899,NA
r_prior[57],0.999716217875,0.9999,0.0031714548266718523,1.1934929999997533e-4,0.9999,1,0.9998932667647411,8127.124318069629,NA
r_prior[58],0.99728223125,1,0.019847238132671263,0,0.9955528,1,1.0004504045953442,8152.591086732631,NA
r_prior[59],0.999896148875,0.9999,7.726035466144751e-4,0,0.9999,1,1.0001131092903832,7723.415574728451,NA
r_prior[60],0.999657779125,0.9999,0.003860367044505486,1.3565789999995048e-4,0.9999,1,0.9999719133596977,8211.060611649518,NA
r_prior[61],0.9998942085,0.9999,8.274942592679358e-4,0,0.9999,1,1.0001503468805732,7762.776629183242,NA
r_prior[62],0.99957251275,0.9999,0.0050502547173559694,1.3714049999999313e-4,0.9999,1,0.9998847355929075,8165.191934623212,NA
r_prior[63],0.99961126775,0.9999,0.004658892161724905,8.747340000004633e-5,0.9999,1,1.000106493445229,8173.704769028864,NA
r_prior[64],0.999653295,0.9999,0.0053482407397995235,0,0.9999,1,1.0000174169992173,7458.453707142787,NA
r_prior[65],0.997847557125,1,0.01660363926574819,0,0.99678575,1,1.0005453143139214,8184.813267229405,NA
r_prior[66],0.999681324,0.9999,0.0050594442969656515,0,0.9999,1,0.9999932528606601,7579.941170113348,NA
r_prior[67],0.998542067125,1,0.013076794207439077,0,0.99865095,1,1.0006021035524821,7974.770074815237,NA
r_prior[68],0.999711814,0.9999,0.004732356239903297,0,0.9999,1,0.9997752150391119,7719.528824034218,NA
r_prior[69],0.999836091125,0.9999,0.001688385202018495,0,0.9999,1,1.0002976399239545,8033.766090075638,NA
r_prior[70],0.999906140375,0.9999,4.13862448387907e-4,0,0.9999,1,0.9999416332260519,7481.420714364348,NA
r_prior[71],0.998657600375,1,0.01250318359794558,0,0.9989285,1,1.0006230708093071,7917.935456124991,NA
r_prior[72],0.999838351625,0.9999,0.00168009968360607,0,0.9999,1,1.0003707646622666,8116.790473100936,NA
r_prior[73],0.999844447125,0.9999,0.0015850486195524186,0,0.9999,1,1.0004328059987515,8017.8884642259345,NA
r_prior[74],0.999815540625,0.9999,0.002998821689312345,0,0.9999,1,0.9997723872971805,8017.029725754198,NA
r_prior[75],0.999907907625,0.9999,2.962173888118965e-4,0,0.9999,1,0.999944205174489,7030.78069424548,NA
r_prior[76],0.999053481125,1,0.010214421031586669,0,0.99955865,1,1.0003186204470813,8027.579470675225,NA
r_prior[77],0.999809427875,0.9999,0.0032741020210591367,0,0.9999,1,0.9998983851759454,8023.91749196806,NA
r_prior[78],0.99927942875,0.999999,0.008786486742113261,1.482600000042633e-6,0.9998239500000001,1,0.9999915780884799,7948.949280449841,NA
r_prior[79],0.9998761705,0.9999,0.0010184776772355533,0,0.9999,1,1.0005002467397945,7851.75609335956,NA
r_prior[80],0.999908635,0.9999,2.2244466610526898e-4,0,0.9999,1,0.9998563776531267,7286.321626272729,NA
r_prior[81],0.9998222195,0.9999,0.0030619941566888565,0,0.9999,1,0.9998768394889747,7836.040965379363,NA
r_prior[82],0.99990842775,0.9999,2.3744208740879608e-4,0,0.9999,1,0.9997718150062073,7267.901194460535,NA
r_prior[83],0.999000245375,0.999999,0.010810713340618776,1.482600000042633e-6,0.9995847,1,1.0001641900896459,7900.809047407647,NA
r_prior[84],0.99986770975000006,0.9999,0.001171002605523449,0,0.9999,1,1.00040945708284,8006.441103428962,NA
r_prior[85],0.9998244535,0.9999,0.0030283159215978234,0,0.9999,1,0.9999953253941964,7854.983993832769,NA
r_prior[86],0.999886312375,0.9999,8.153339294264152e-4,0,0.9999,1,1.0006419130271533,7856.58852811229,NA
r_prior[87],0.999908459125,0.9999,1.6507460671604532e-4,0,0.9999,1,0.9998232890896843,7366.943384660946,NA
r_prior[88],0.999908704875,0.9999,2.004544443864207e-4,0,0.9999,1,0.9998991873684289,7374.931514315918,NA
r_prior[89],0.999811858875,0.9999,0.003423037762996429,0,0.9999,1,0.999874584804898,7838.092017472983,NA
r_prior[90],0.99990877625,0.9999,1.7801141309993772e-4,0,0.9999,1,0.9998559276627235,7519.518585383888,NA
r_prior[91],0.999908520625,0.9999,1.7456531501349243e-4,0,0.9999,1,0.9997403914633842,7359.624222346355,NA
r_prior[92],0.999850087875,0.9999,0.0015217460477301096,0,0.9999,1,1.000263955544733,8320.870312105695,NA
r_prior[93],0.998161018,0.99999,0.01812825343147363,1.4825999999932525e-5,0.9993477,1,1.000153828891334,7869.403310746743,NA
r_prior[94],0.999848695,0.9999,0.0015357503699738643,0,0.9999,1,1.0002341343933605,8269.273481879945,NA
r_prior[95],0.9987728825,0.999973,0.013320409295500973,4.0030199999998884e-5,0.9996915500000001,1,0.9999978854771024,7724.960845177361,NA
r_prior[96],0.9998308487500001,0.9999,0.0031094557255228867,0,0.9999,1,0.9998890380081057,8034.004963080597,NA
rr_prior[1],NA,NA,NA,NA,NA,NA,NA,NA,NA
rr_prior[2],NA,NA,NA,NA,NA,NA,NA,NA,NA
rr_prior[3],NA,NA,NA,NA,NA,NA,NA,NA,NA
rr_prior[4],NA,NA,NA,NA,NA,NA,NA,NA,NA
rr_prior[5],NA,NA,NA,NA,NA,NA,NA,NA,NA
rr_prior[6],NA,NA,NA,NA,NA,NA,NA,NA,NA
rr_prior[7],NA,NA,NA,NA,NA,NA,NA,NA,NA
rr_prior[8],NA,NA,NA,NA,NA,NA,NA,NA,NA
rr_prior[9],0.990397986125,0.999872,0.031681091467979886,1.8977280000002518e-4,0.9432416,1,0.9999529866517479,7584.797529905477,NA
rr_prior[10],0.98321753225,0.999063,0.04315511407102315,0.001372887599999974,0.89843685,0.999994,1.0003611508677033,7612.456723015556,7975.803727865928
rr_prior[11],0.993976967625,0.999982,0.024501846727904238,2.6686799999944387e-5,0.9677729,1,0.9999270704761751,7701.892778194927,NA
rr_prior[12],0.995879254125,0.999996,0.019322731992215823,5.930400000005931e-6,0.9810447,1,1.0000796957977298,7911.631051922205,NA
rr_prior[13],0.98433946025,0.999326,0.042161810832811224,9.94824599999966e-4,0.9047132,0.999999,1.0002342214899718,7528.903633503721,7854.2555025974525
rr_prior[14],0.986133617875,0.9995715000000001,0.039642313856479074,6.338114999998725e-4,0.9148542500000001,1,1.000204820694056,7500.064778004141,NA
rr_prior[15],0.9982504585,1,0.011570062788956476,0,0.99515285,1,0.9999854065831795,7853.6812889535095,NA
rr_prior[16],0.99085004375,0.999923,0.03155403021046046,1.1416019999999071e-4,0.9459019000000001,1,1.0004294757114827,7861.421523187231,NA
rr_prior[17],0.997182547625,1,0.0155968516972205,0,0.9889083499999999,1,0.9999060891168994,7951.99812525205,NA
rr_prior[18],0.99314703925,0.999989,0.02807593525321556,1.630859999997516e-5,0.9627154,1,0.9998084092499515,7732.25479358793,NA
rr_prior[19],0.976537303,0.9985310000000001,0.05480833275509633,0.002174974199999994,0.86217755,0.999999,1.0005554499971911,7485.796855363913,7529.967817310875
rr_prior[20],0.997793592375,1,0.013552477590880688,0,0.992606,1,0.9997931449220122,8013.111974273228,NA
rr_prior[21],0.958167718675,0.9972799999999999,0.08937020643941095,0.00403118940000004,0.7604782999999999,0.999999,1.0005807220257212,7789.24118698973,8014.512312417044
rr_prior[22],0.993389857,0.999992,0.02737248026599508,1.1860800000011862e-5,0.96633895,1,1.0004056204066736,7836.6243737283085,NA
rr_prior[23],0.998641514875,1,0.010145774493196027,0,0.9969223500000001,1,0.99991178374979794,7960.895254156247,NA
rr_prior[24],0.995738078875,1,0.02463980677534616,0,0.9847086,1,0.999726567517093,8137.321179710868,NA
rr_prior[25],0.997242706375,1,0.01632175879439551,0,0.9911855999999999,1,1.0005066267935094,7847.873758429289,NA
rr_prior[26],0.99748954675,1,0.015409782273381691,0,0.9925812,1,1.0005761845235241,7847.973859557649,NA
rr_prior[27],0.9977175735,1,0.014784541648240786,0,0.9931325,1,0.9997261064329428,8099.462097071333,NA
rr_prior[28],0.99934334025,1,0.006333366921180213,0,0.999385,1,0.9998299525665154,7860.380602976377,NA
rr_prior[29],0.988722849125,0.999964,0.039420764372156365,5.337360000005338e-5,0.93169395,1,1.0007054261080957,7403.129196213806,NA
rr_prior[30],0.997835646625,1,0.015118424971312414,0,0.99466345,1,0.9997062234340748,8034.024618590171,NA
rr_prior[31],0.998652358875,1,0.010138608383862595,0,0.9978318500000001,1,1.0005295549656292,7748.364136078505,NA
rr_prior[32],0.9996127635,1,0.004454618466774491,0,0.9998199500000001,1,0.9997151783367025,7957.729289405202,NA
rr_prior[33],0.99055615875,0.999986,0.03597625996536029,2.0756399999938455e-5,0.94626615,1,1.0007016951135734,7404.141808988383,NA
rr_prior[34],0.999673724875,1,0.0039597549615917795,0,0.999885,1,0.9997670431452454,7918.866969839948,NA
rr_prior[35],0.997763880625,1,0.016350245873048463,0,0.9955229499999999,1,1.0007509284801002,7712.216563195243,NA
rr_prior[36],0.9997300285,1,0.0035100931092197788,0,0.99993195,1,0.9996737109754735,8110.772182261587,NA
rr_prior[37],0.9977198525,1,0.017893919927863537,0,0.9959702500000001,1,0.999736359156486,8140.692120807438,NA
rr_prior[38],0.9997011825,1,0.003739054738030121,0,0.99991,1,0.9996899578249909,7971.876340487553,NA
rr_prior[39],0.95183750435125,0.999803,0.13950171974746273,2.92072200000004e-4,0.6753395000000001,1,1.0006903566822312,7453.659027171271,NA
rr_prior[40],0.9973366235,1,0.025145863931109087,0,0.9966554999999999,1,1.00081606973541,7610.199985078458,NA
rr_prior[41],0.9972641255875,1,0.025817471254816732,0,0.9964263999999999,1,1.0007611452261116,7815.318690282635,NA
rr_prior[42],0.99874536225,1,0.01141951165153615,0,0.99848325,1,0.9998587262439718,8123.0198677690605,NA
rr_prior[43],0.992914579,1,0.03662440547879369,0,0.97105425,1,1.000473533526147,7499.55009326086,NA
rr_prior[44],0.999174049625,1,0.00910157685518387,0,0.9994658999999999,1,0.9999236391844025,8004.790933808292,NA
rr_prior[45],0.9957131825,1,0.023879298270111034,0,0.9850889,1,1.0005534715998192,7532.609394928735,NA
rr_prior[46],0.999291424625,1,0.008378514086659768,0,0.99965175,1,0.9998457011305496,8139.436569768503,NA
rr_prior[47],0.999565373,1,0.004856267917586706,0,0.9998669499999999,1,1.0005754403001086,7876.942502859215,NA
rr_prior[48],0.9999191465,1,0.0015053385426719657,0,0.999998,1,0.9996564385788466,8321.420321585962,NA
rr_prior[49],0.99938081225,1,0.007835405177177264,0,0.999762,1,0.9998717515720211,7936.197888811713,NA
rr_prior[50],0.999922929375,1,0.0014482303893181767,0,0.999998,1,0.999646471747031,8314.680166727716,NA
rr_prior[51],0.999922929375,1,0.0014482303893181767,0,0.999998,1,0.999646471747031,8314.680166727716,NA
rr_prior[52],0.9875667378375,1,0.0648305293883374,0,0.9545656499999999,1,1.0002782499926781,7602.522629386569,NA
rr_prior[53],0.98588555336249994,0.999999,0.06921178016241002,1.482600000042633e-6,0.9417931,1,1.000372450496841,7584.360252554759,NA
rr_prior[54],0.998959038,1,0.014369441183751637,0,0.9997309,1,0.9997238638999326,8048.509076693692,NA
rr_prior[55],0.9921058645625,1,0.04606455218456143,0,0.97689895,1,1.000372210330114,7511.247333532803,NA
rr_prior[56],0.999178645875,1,0.01257765252723486,0,0.99987995,1,0.9997737456857588,8080.256970227178,NA
rr_prior[57],0.999763967875,1,0.003174614048059583,0,0.999977,1,1.00029567868551,7884.558707841706,NA
rr_prior[58],0.99729646875,1,0.01984914690799444,0,0.9955528,1,1.0003724788283554,7916.93068507161,NA
rr_prior[59],0.999967761375,1,7.742745253223695e-4,0,1,1,0.9998145675788783,8205.392280672912,NA
rr_prior[60],0.999704179125,1,0.003863599613901044,0,0.999966,1,1.0005192473135749,7821.647739009047,NA
rr_prior[61],0.9999648835,1,8.292395814619454e-4,0,1,1,0.9998238911902457,8229.193303499813,NA
rr_prior[62],0.99961880025,1,0.0050535017721002155,0,0.999952,1,1.0006080486180742,7905.505803850356,NA
rr_prior[63],0.99965994275,1,0.004662176136715949,0,0.999967,1,1.0003453202795554,7939.671358095143,NA
rr_prior[64],0.999704995,1,0.00535085870857098,0,0.999983,1,0.9997698870343527,8097.441418245045,NA
rr_prior[65],0.997865382125,1,0.01660588692468502,0,0.99678575,1,1.0006363346363345,7770.296992975608,NA
rr_prior[66],0.9997356865,1,0.005062038758570197,0,0.999988,1,0.9997144079153418,8182.317742178938,NA
rr_prior[67],0.998565617125,1,0.013079308620891695,0,0.99865095,1,1.000430343766004,7751.4477304966185,NA
rr_prior[68],0.999769464,1,0.004734906326681058,0,0.99999395,1,0.9997637757698733,8032.686269759381,NA
rr_prior[69],0.999896978625,1,0.0016913928658494571,0,0.999998,1,1.000041700008839,8005.1501748535,NA
rr_prior[70],0.999986190375,1,4.1460357740636983e-4,0,1,1,0.9997522558030575,8063.614086729277,NA
rr_prior[71],0.998683275375,1,0.012505811201728192,0,0.9989285,1,1.0004022847245806,7801.807696115102,NA
rr_prior[72],0.999901864125,1,0.0016831174981940728,0,0.999999,1,1.0000399066633023,7991.38434396456,NA
rr_prior[73],0.999909397125,1,0.001588040657243342,0,0.999999,1,0.9999243000305856,8077.6819569057925,NA
rr_prior[74],0.999881728125,1,0.003001058392699738,0,0.999999,1,0.999661955074753,7833.692479844433,NA
rr_prior[75],0.999991507625,1,2.9629990321621745e-4,0,1,1,0.9997200736824025,7872.069834525605,NA
rr_prior[76],0.999085206125,1,0.010217156240514915,0,0.99955865,1,1.0001991731299134,7809.071388677858,NA
rr_prior[77],0.999877015375,1,0.0032763057878639106,0,0.999999,1,0.9996911894439563,7602.081196048142,NA
rr_prior[78],0.99931654125,1,0.008789240645979609,0,0.9998239500000001,1,1.0000481948808049,7636.862019683759,NA
rr_prior[79],0.999946633,1,0.001021144905204779,0,1,1,0.9999663186275731,8096.452440233918,NA
rr_prior[80],0.999994185,1,2.2190166362274024e-4,0,1,1,0.9997521750188629,8048.925751154535,NA
rr_prior[81],0.999892382,1,0.003064117795395439,0,1,1,0.9996889620719499,7618.677950102063,NA
rr_prior[82],0.99999355275,1,2.370867641479679e-4,0,1,1,0.9997032150571438,8101.750882746105,NA
rr_prior[83],0.999035032875,1,0.010813713518054312,0,0.9995847,1,1.0001971659687585,7722.457888225201,NA
rr_prior[84],0.99993767225,1,0.0011738260695414505,0,1,1,1.0001484205730558,7935.269174353458,NA
rr_prior[85],0.9998954035,1,0.0030304257233424873,0,1,1,0.9997913458504962,7528.386717327512,NA
rr_prior[86],0.999960524875,1,8.177501148196311e-4,0,1,1,0.9998919871667026,7992.364888044613,NA
rr_prior[87],0.999996234125,1,1.6382192851849026e-4,0,1,1,0.9997875589044806,7853.205265121261,NA
rr_prior[88],0.999994704875,1,1.9972157899153978e-4,0,1,1,0.9996689615870845,7980.787592619205,NA
rr_prior[89],0.999883408875,1,0.003425177068516322,0,1,1,0.9997837442675751,7623.418298658697,NA
rr_prior[90],0.99999538875,1,1.769951327948505e-4,0,1,1,0.999806658678988,7853.931528636206,NA
rr_prior[91],0.999995708125,1,1.735059335371729e-4,0,1,1,0.9998161164347407,7793.939062527242,NA
rr_prior[92],0.999921825375,1,0.001524762540768833,0,1,1,1.0002172678023695,7761.906925748397,NA
rr_prior[93],0.9981991805,1,0.018131979402110227,0,0.9993477,1,1.0003575367030269,7688.562480832616,NA
rr_prior[94],0.99992037,1,0.001538803151232243,0,1,1,1.0001393472859257,7784.910026853756,NA
rr_prior[95],0.9988146075,1,0.013324031122078316,0,0.9996915500000001,1,1.0002428960733054,7560.726597586616,NA
rr_prior[96],0.99990594875,1,0.0031114261921170584,0,1,1,0.9997772574210275,7690.03626178044,NA
priorpred[1],0.5025,1,0.5000250025002656,0,0,1,1.0004806109705948,7622.532524909928,NA
priorpred[2],0.509125,1,0.49994797516565065,0,0,1,1.0002841912333176,7641.395439988415,NA
priorpred[3],0.505375,1,0.5000023596643908,0,0,1,0.9996403812869729,7756.874250917008,NA
priorpred[4],0.497,0,0.5000222522864335,0,0,1,0.9998089937725284,8255.364445869332,NA
priorpred[5],0.50525,1,0.5000036879473941,0,0,1,1.0002206718693343,7515.9402289740965,NA
priorpred[6],0.505125,1,0.5000049849732747,0,0,1,1.0000883253088082,7813.100588247224,NA
priorpred[7],0.500875,1,0.5000304872565504,0,0,1,1.0000470844028775,7934.490273529373,NA
priorpred[8],0.50025,1,0.5000311904260821,0,0,1,0.999776832373884,7886.2169414166265,NA
priorpred[9],0.98975,1,0.10072837621902761,0,1,1,0.9999188129805362,7578.878408071643,NA
priorpred[10],0.983625,1,0.12692073504405424,0,1,1,0.9998185842689736,8160.336171066049,NA
priorpred[11],0.9935,1,0.08036514990756229,0,1,1,0.9997431671955052,8050.425144437948,NA
priorpred[12],0.997375,1,0.0511706622937885,0,1,1,0.9997692456134033,8057.497451097446,NA
priorpred[13],0.984125,1,0.12499974996849603,0,1,1,1.0000160164007954,7889.810900458739,NA
priorpred[14],0.98575,1,0.11852718501128058,0,1,1,0.9998837841132358,8253.787447862367,NA
priorpred[15],0.9985,1,0.03870319421126982,0,1,1,1.0000722852499349,8037.960813867805,NA
priorpred[16],0.992125,1,0.08839661260557452,0,1,1,1.000312815425917,8142.353400017248,NA
priorpred[17],0.99825,1,0.041798993941084404,0,1,1,0.9998064982152013,8043.094113958786,NA
priorpred[18],0.99225,1,0.08769776999649304,0,1,1,1.0000340576302222,7822.462996614682,NA
priorpred[19],0.97775,1,0.1475047701165996,0,1,1,0.9998331047704581,8104.692631516384,NA
priorpred[20],0.9985,1,0.03870319421126982,0,1,1,0.9999768266132688,8038.346852569106,NA
priorpred[21],0.958125,1,0.20031600082750114,0,1,1,0.999857475178893,7934.2090779321925,NA
priorpred[22],0.993375,1,0.08112910770194977,0,1,1,0.9997806693429121,8062.035517548732,NA
priorpred[23],0.998875,1,0.03352424286031557,0,1,1,1.0004460286629207,8030.380027864603,NA
priorpred[24],0.996125,1,0.06213265593362858,0,1,1,1.0001454309181042,7265.55398994727,NA
priorpred[25],0.997625,1,0.04867910826984964,0,1,1,0.9996769379317773,8053.793046472339,NA
priorpred[26],0.997875,1,0.04605159572353151,0,1,1,1.0001358673455076,8047.856268880628,NA
priorpred[27],0.99775,1,0.04738373299212541,0,1,1,0.9999931055109124,7322.511404890654,NA
priorpred[28],0.999,1,0.03160893687885321,0,1,1,0.9999288908923764,8030.444198473532,NA
priorpred[29],0.988125,1,0.10833028803807965,0,1,1,0.9996999456972855,7940.293462767238,NA
priorpred[30],0.99775,1,0.04738373299212541,0,1,1,0.999738458922655,8051.505168061841,NA
priorpred[31],0.998625,1,0.03705780666916744,0,1,1,0.9999095340331252,8036.5925943641,NA
priorpred[32],0.99975,1,0.01581039993463991,0,1,1,0.9999285688773688,8018.346306293612,NA
priorpred[33],0.990625,1,0.09637567332476127,0,1,1,0.999975810116454,7864.400884002236,NA
priorpred[34],0.999625,1,0.01936249566248589,0,1,1,1.0002385596677046,8019.112793754293,NA
priorpred[35],0.996875,1,0.055817773405775484,0,1,1,0.9999326736590298,8065.0088094450475,NA
priorpred[36],0.999625,1,0.019362495662485893,0,1,1,0.9998571326516033,8020.646459749345,NA
priorpred[37],0.997875,1,0.04605159572353151,0,1,1,1.0001358673455076,8047.856268880628,NA
priorpred[38],0.999625,1,0.01936249566248589,0,1,1,1.0002385596677046,8019.11279375429,NA
priorpred[39],0.95575,1,0.20566289080211245,0,1,1,0.9998503083708746,7551.3869291481815,NA
priorpred[40],0.99775,1,0.04738373299212541,0,1,1,1.0007580194634507,8047.3701041879185,NA
priorpred[41],0.997375,1,0.0511706622937885,0,1,1,0.9998784094468702,7447.2880869015235,NA
priorpred[42],0.9985,1,0.03870319421126982,0,1,1,1.0000722852499349,8037.960813867805,NA
priorpred[43],0.993,1,0.08337786866802817,0,1,1,1.0001577518007188,8128.291769361204,NA
priorpred[44],0.99875,1,0.03533544359700009,0,1,1,1.000043509061212,8034.02641847343,NA
priorpred[45],0.99575,1,0.0650574097111143,0,1,1,0.9998627448682553,8083.783831984611,NA
priorpred[46],0.999375,1,0.024993748437011534,0,1,1,1.0004010019799447,8022.487987261969,NA
priorpred[47],0.99975,1,0.01581039993463991,0,1,1,0.9999285688773688,8018.346306293612,NA
priorpred[48],0.999875,1,0.011180339887498949,0,1,1,1,8016.048128352963,NA
priorpred[49],0.999375,1,0.024993748437011534,0,1,1,0.9999430329114374,8024.330814263413,NA
priorpred[50],1,1,0,0,1,1,NA,NA,NA
priorpred[51],1,1,0,0,1,1,NA,NA,NA
priorpred[52],0.988375,1,0.1071974616629208,0,1,1,0.9996855479344212,7627.512505608265,NA
priorpred[53],0.986,1,0.11749776898185967,0,1,1,1.0005874506114203,7848.192167392951,NA
priorpred[54],0.999,1,0.03160893687885321,0,1,1,0.9999288908923764,8030.444198473532,NA
priorpred[55],0.991875,1,0.08977745749342787,0,1,1,1.0000217766446629,8147.786330672091,NA
priorpred[56],0.999375,1,0.024993748437011534,0,1,1,0.9997142448862932,8025.252703403762,NA
priorpred[57],0.9995,1,0.022356486230165284,0,1,1,1.0000717121436138,8021.797270036971,NA
priorpred[58],0.9965,1,0.059060867105494706,0,1,1,1.0000324390532156,8070.749854752399,NA
priorpred[59],0.999875,1,0.011180339887498949,0,1,1,1,8016.048128352963,NA
priorpred[60],0.999625,1,0.01936249566248589,0,1,1,0.9998571326516033,8020.646459749345,NA
priorpred[61],0.99975,1,0.01581039993463991,0,1,1,0.9999285688773688,8018.346306293612,NA
priorpred[62],0.99975,1,0.01581039993463991,0,1,1,0.9999285688773688,8018.346306293612,NA
priorpred[63],0.99925,1,0.02737756730242709,0,1,1,1.0004058887025469,8024.484424302265,NA
priorpred[64],0.999625,1,0.019362495662485893,0,1,1,1.0002385596677046,8019.112793754293,NA
priorpred[65],0.998125,1,0.04326336024619995,0,1,1,1.0002970024372912,8043.13829800576,NA
priorpred[66],0.9995,1,0.022356486230165284,0,1,1,1.0000717121436138,8021.797270036971,NA
priorpred[67],0.999,1,0.03160893687885321,0,1,1,1.0000719985532516,8029.866863605829,NA
priorpred[68],0.999875,1,0.011180339887498949,0,1,1,1,8016.048128352963,NA
priorpred[69],1,1,0,0,1,1,NA,NA,NA
priorpred[70],0.999875,1,0.011180339887498949,0,1,1,1,8016.048128352963,NA
priorpred[71],0.998,1,0.044679408357669634,0,1,1,0.999857714619168,7146.655571202563,NA
priorpred[72],0.999875,1,0.011180339887498949,0,1,1,1,8016.048128352963,NA
priorpred[73],0.999875,1,0.011180339887498949,0,1,1,1,8016.048128352963,NA
priorpred[74],1,1,0,0,1,1,NA,NA,NA
priorpred[75],1,1,0,0,1,1,NA,NA,NA
priorpred[76],0.999125,1,0.02956930279797775,0,1,1,0.9995713366953142,8029.866879755497,NA
priorpred[77],0.9995,1,0.022356486230165284,0,1,1,1.00064436811989,8019.496111776492,NA
priorpred[78],0.999375,1,0.024993748437011534,0,1,1,0.9997142448862932,8025.252703403762,NA
priorpred[79],1,1,0,0,1,1,NA,NA,NA
priorpred[80],0.99975,1,0.01581039993463991,0,1,1,0.9999285688773688,8018.346306293612,NA
priorpred[81],1,1,0,0,1,1,NA,NA,NA
priorpred[82],0.999875,1,0.011180339887498949,0,1,1,1,8016.048128352963,NA
priorpred[83],0.998625,1,0.03705780666916744,0,1,1,0.9998054538616078,8037.013515713076,NA
priorpred[84],1,1,0,0,1,1,NA,NA,NA
priorpred[85],1,1,0,0,1,1,NA,NA,NA
priorpred[86],0.99975,1,0.01581039993463991,0,1,1,0.9999285688773688,8018.346306293612,NA
priorpred[87],0.999875,1,0.011180339887498949,0,1,1,1,8016.048128352963,NA
priorpred[88],1,1,0,0,1,1,NA,NA,NA
priorpred[89],1,1,0,0,1,1,NA,NA,NA
priorpred[90],1,1,0,0,1,1,NA,NA,NA
priorpred[91],0.999875,1,0.011180339887498949,0,1,1,1,8016.048128352963,NA
priorpred[92],0.999625,1,0.019362495662485893,0,1,1,1.0002385596677046,8019.112793754293,NA
priorpred[93],0.998625,1,0.03705780666916744,0,1,1,0.9998054538616078,8037.013515713076,NA
priorpred[94],0.999875,1,0.011180339887498949,0,1,1,1,8016.048128352963,NA
priorpred[95],0.999,1,0.03160893687885321,0,1,1,0.9997858344240178,8031.02165765159,NA
priorpred[96],0.9995,1,0.02235648623016528,0,1,1,1.0003579376580376,8020.646443645954,NA
posteriorpred[1],0.49825,0,0.500028190229189,0,0,1,0.9998700084765584,7814.428503627424,NA
posteriorpred[2],0.502375,1,0.5000256119206016,0,0,1,1.0001966847943031,7714.677473411549,NA
posteriorpred[3],0.4955,0,0.5000110012541443,0,0,1,1.0008352572327412,7098.175971253725,NA
posteriorpred[4],0.4965,0,0.5000190020142203,0,0,1,0.9995924153116608,7854.906046842281,NA
posteriorpred[5],0.499875,0,0.5000312373040158,0,0,1,1.000039075891075,8202.909122324196,NA
posteriorpred[6],0.502375,1,0.5000256119206016,0,0,1,0.9998998482001852,7980.758008742855,NA
posteriorpred[7],0.5005,1,0.5000310029143037,0,0,1,0.9997409701105916,7803.943863102057,NA
posteriorpred[8],0.508625,1,0.4999568521200082,0,0,1,1.0001934427992658,7686.880396491176,NA
posteriorpred[9],0.529,1,0.49918949184512695,0,0,1,0.9996425949858425,7878.361738607925,NA
posteriorpred[10],0.08,0,0.27131015673974274,0,0,1,1.0005838756840633,7851.966495808402,NA
posteriorpred[11],0.371125,0,0.4831360180389067,0,0,1,1.000103820339931,7898.524669381853,NA
posteriorpred[12],0.715625,1,0.45114443450806135,0,0,1,1.000105093438434,7385.464907197032,NA
posteriorpred[13],0.12475,0,0.33045587850113134,0,0,1,0.9997585586043136,8227.467516793713,NA
posteriorpred[14],0.106875,0,0.3089735708089485,0,0,1,1.0000079548783036,7872.202916115228,NA
posteriorpred[15],0.839125,1,0.3674385809408771,0,0,1,0.9999374141195001,7979.18281633032,NA
posteriorpred[16],0.375,0,0.4841531787952726,0,0,1,0.99998510754928,7232.012213013205,NA
posteriorpred[17],0.804125,1,0.39689756277207955,0,0,1,1.0000409292611019,7973.7039991839065,NA
posteriorpred[18],0.378875,0,0.48513725289269227,0,0,1,0.9997301649283417,8108.591515154983,NA
posteriorpred[19],0.1225,0,0.327882888236867,0,0,1,0.9998081631337205,8165.831114656904,NA
posteriorpred[20],0.8165,1,0.3871000914622745,0,0,1,0.9998354713886531,8205.487602985593,NA
posteriorpred[21],0.110375,0,0.3133761875994558,0,0,1,1.0003499061907446,7357.981709636023,NA
posteriorpred[22],0.38825,0,0.48738242705679846,0,0,1,0.9999616918874188,8342.657707045908,NA
posteriorpred[23],0.81775,1,0.3860745642957452,0,0,1,1.000540492674311,7562.336314342888,NA
posteriorpred[24],0.390625,0,0.48792096463819495,0,0,1,0.9998328908287667,7729.660331783205,NA
posteriorpred[25],0.435375,0,0.4958370106876311,0,0,1,0.9998665206091786,8078.423651867132,NA
posteriorpred[26],0.397,0,0.4893065783493535,0,0,1,1.0003393697293042,7969.444402818824,NA
posteriorpred[27],0.367875,0,0.4822572507303392,0,0,1,1.0008070669774953,7984.945473314151,NA
posteriorpred[28],0.818625,1,0.385352658559575,0,0,1,0.9998288383933792,8198.14322285901,NA
posteriorpred[29],0.11875,0,0.32351432764256943,0,0,1,1.0000648076538152,8043.847902340124,NA
posteriorpred[30],0.358875,0,0.4797004257214128,0,0,1,1.0004812477715257,7438.675067719103,NA
posteriorpred[31],0.39925,0,0.4897748691264217,0,0,1,1.0001431823013647,8224.752517704872,NA
posteriorpred[32],0.816375,1,0.38720227281746344,0,0,1,1.0000316616967986,7892.983547465168,NA
posteriorpred[33],0.1215,0,0.3267278590612313,0,0,1,1.0000969455961164,7259.705323593525,NA
posteriorpred[34],0.836875,1,0.3695027752434535,0,0,1,0.9997325972257907,8098.239948738658,NA
posteriorpred[35],0.39325,0,0.4885020642569977,0,0,1,0.999920635990402,8039.904997241963,NA
posteriorpred[36],0.82775,1,0.3776211887861664,0,0,1,0.9997540719162812,7955.479094856179,NA
posteriorpred[37],0.379,0,0.4851684486371142,0,0,1,0.9999344881533226,7973.267538682477,NA
posteriorpred[38],0.834625,1,0.3715418748884161,0,0,1,0.999715040681803,7768.3409916689125,NA
posteriorpred[39],0.118625,0,0.3233669434984325,0,0,1,0.9999725928877213,8085.562882294122,NA
posteriorpred[40],0.403625,0,0.4906546159153248,0,0,1,1.0000340574117765,7868.039606145862,NA
posteriorpred[41],0.376125,0,0.4844422771755056,0,0,1,0.9999305769353072,7776.060102946046,NA
posteriorpred[42],0.3695,0,0.48269956998049773,0,0,1,0.9997383617067123,7866.577214464285,NA
posteriorpred[43],0.134875,0,0.34161136056227426,0,0,1,0.9998493170005776,8132.425685440158,NA
posteriorpred[44],0.377875,0,0.48488645447590795,0,0,1,0.9998799323420364,8013.742790662018,NA
posteriorpred[45],0.11875,0,0.32351432764256943,0,0,1,0.9997397458347034,8026.250435213241,NA
posteriorpred[46],0.365625,0,0.4816350858476674,0,0,1,0.9999883101342228,7341.158598528265,NA
posteriorpred[47],0.384,0,0.48638829313261855,0,0,1,1.0000640657435806,7962.0676313077565,NA
posteriorpred[48],0.824875,1,0.3800977422475799,0,0,1,1.0001640991034684,8334.514201212156,NA
posteriorpred[49],0.369125,0,0.48259801800346486,0,0,1,1.0000468352722909,8027.265590003524,NA
posteriorpred[50],0.831,1,0.374775342131301,0,0,1,0.9997083547752238,8003.95439323641,NA
posteriorpred[51],0.82775,1,0.3776211887861664,0,0,1,0.9998452715946289,8081.200946775563,NA
posteriorpred[52],0.13225,0,0.3387835360308049,0,0,1,0.9997671587943632,7826.717390225123,NA
posteriorpred[53],0.12625,0,0.3321516642905939,0,0,1,0.9999969070146139,7913.596440889944,NA
posteriorpred[54],0.369125,0,0.48259801800346486,0,0,1,0.9999928077178145,8131.98685009655,NA
posteriorpred[55],0.117875,0,0.3224802064630402,0,0,1,0.99997863480435,7807.294756011308,NA
posteriorpred[56],0.362375,0,0.4807163877024328,0,0,1,0.9996599202691628,8006.378888939187,NA
posteriorpred[57],0.40775,0,0.49144697324934206,0,0,1,0.9998996252415072,7470.5886749328865,NA
posteriorpred[58],0.121625,0,0.3268726282351983,0,0,1,1.0000494868092928,8097.137961150441,NA
posteriorpred[59],0.825625,1,0.37945534344598275,0,0,1,0.9997349351411075,8101.846205603695,NA
posteriorpred[60],0.396,0,0.4890949823272748,0,0,1,0.9999627946370983,8059.639814919117,NA
posteriorpred[61],0.825875,1,0.3792406390509705,0,0,1,1.0001223543700068,8159.3592033618015,NA
posteriorpred[62],0.388625,0,0.48746826823811557,0,0,1,0.9998972700222526,8264.713677757842,NA
posteriorpred[63],0.3955,0,0.4889883829957907,0,0,1,0.9997657308373422,8169.734109699546,NA
posteriorpred[64],0.374,0,0.4838938614599743,0,0,1,1.0000491369128375,7569.849810111579,NA
posteriorpred[65],0.120875,0,0.32600232984578975,0,0,1,0.9998580434823393,8036.588782790394,NA
posteriorpred[66],0.352125,0,0.4776625425581018,0,0,1,0.9999635746558607,8222.78258065706,NA
posteriorpred[67],0.117,0,0.32144037625885796,0,0,1,0.9998856657190082,7898.285369199737,NA
posteriorpred[68],0.358625,0,0.47962679721641494,0,0,1,1.000117981771619,7372.0261376523895,NA
posteriorpred[69],0.382375,0,0.48599782263961977,0,0,1,0.999873656505914,7825.315644344977,NA
posteriorpred[70],0.834,1,0.37210389364189395,0,0,1,1.0002007827764394,8120.830287401871,NA
posteriorpred[71],0.117,0,0.32144037625885796,0,0,1,0.9997514955280007,7880.425050414816,NA
posteriorpred[72],0.389875,0,0.4877522138881269,0,0,1,1.0004400509275233,7738.551631897588,NA
posteriorpred[73],0.388,0,0.4873250308682223,0,0,1,1.0003389869195263,7845.647767846154,NA
posteriorpred[74],0.357125,0,0.4791820492302879,0,0,1,1.0000677455546103,8107.0068869670795,NA
posteriorpred[75],0.828875,1,0.3766416954425562,0,0,1,0.9999797727137361,7980.761420426094,NA
posteriorpred[76],0.127,0,0.3329937846380559,0,0,1,0.9996492939558287,8013.655626825564,NA
posteriorpred[77],0.36825,0,0.4823598463571281,0,0,1,0.9998742887255587,8050.223544080033,NA
posteriorpred[78],0.119,0,0.3238087499023369,0,0,1,1.000182795790185,8080.490518084403,NA
posteriorpred[79],0.38225,0,0.485967548358177,0,0,1,0.9999111164944792,7850.613493466444,NA
posteriorpred[80],0.838,1,0.3684738411630501,0,0,1,1.0003769704320273,7954.221601129072,NA
posteriorpred[81],0.36525,0,0.4815302912877636,0,0,1,1.0002024340070368,7931.680582702168,NA
posteriorpred[82],0.828625,1,0.37685987090069284,0,0,1,1.0000924866115988,7967.593942247022,NA
posteriorpred[83],0.125,0,0.33073958575319956,0,0,1,1.0001701421078024,7851.59478367895,NA
posteriorpred[84],0.393,0,0.4884473590908496,0,0,1,0.9999430505394619,7753.225672963846,NA
posteriorpred[85],0.3705,0,0.4829688471976432,0,0,1,0.9999231363270589,7801.907539912024,NA
posteriorpred[86],0.390875,0,0.48797694572842815,0,0,1,0.9996968903131113,8031.735110378073,NA
posteriorpred[87],0.83525,1,0.37097795160908487,0,0,1,1.0001860778604745,8040.952504865908,NA
posteriorpred[88],0.8245,1,0.38041798029268575,0,0,1,1.000073601018759,7697.845234731759,NA
posteriorpred[89],0.37175,0,0.48330232271518486,0,0,1,0.9999952352167383,7682.969403523726,NA
posteriorpred[90],0.8275,1,0.37783805419703287,0,0,1,1.0000153584147724,7752.392527454712,NA
posteriorpred[91],0.83925,1,0.3673231592044136,0,0,1,1.0003578193358438,7661.127273440543,NA
posteriorpred[92],0.389625,0,0.48769569432309184,0,0,1,1.0001313568729067,8248.739976025736,NA
posteriorpred[93],0.1255,0,0.33130570540484844,0,0,1,0.9998369790081988,7835.798657048045,NA
posteriorpred[94],0.390625,0,0.48792096463819495,0,0,1,0.999892929952797,8091.392843109168,NA
posteriorpred[95],0.122125,0,0.32745058766311613,0,0,1,0.999873543408306,7814.760322687733,NA
posteriorpred[96],0.379625,0,0.4853239142961363,0,0,1,1.0000197596737268,8140.697305159253,NA
posteriorcorrect[1],0.50175,1,0.500028190229189,0,0,1,0.9998700084765584,7814.428503627424,NA
posteriorcorrect[2],0.497625,0,0.5000256119206016,0,0,1,1.0001966847943031,7714.677473411549,NA
posteriorcorrect[3],0.5045,1,0.5000110012541443,0,0,1,1.0008352572327412,7098.175971253725,NA
posteriorcorrect[4],0.5035,1,0.5000190020142204,0,0,1,0.9995924153116608,7854.906046842278,NA
posteriorcorrect[5],0.500125,1,0.5000312373040158,0,0,1,1.000039075891075,8202.909122324196,NA
posteriorcorrect[6],0.497625,0,0.5000256119206016,0,0,1,0.9998998482001852,7980.758008742855,NA
posteriorcorrect[7],0.4995,0,0.5000310029143037,0,0,1,0.9997409701105916,7803.943863102057,NA
posteriorcorrect[8],0.508625,1,0.4999568521200082,0,0,1,1.0001934427992658,7686.880396491176,NA
posteriorcorrect[9],0.471,0,0.49918949184512695,0,0,1,0.9996425949858425,7878.361738607925,NA
posteriorcorrect[10],0.92,1,0.27131015673974274,0,0,1,1.0005838756840633,7851.966495808402,NA
posteriorcorrect[11],0.628875,1,0.48313601803890677,0,0,1,1.000103820339931,7898.524669381853,NA
posteriorcorrect[12],0.715625,1,0.45114443450806135,0,0,1,1.000105093438434,7385.464907197032,NA
posteriorcorrect[13],0.87525,1,0.33045587850113134,0,0,1,0.9997585586043136,8227.467516793713,NA
posteriorcorrect[14],0.893125,1,0.3089735708089485,0,0,1,1.0000079548783036,7872.202916115228,NA
posteriorcorrect[15],0.839125,1,0.3674385809408771,0,0,1,0.9999374141195001,7979.18281633032,NA
posteriorcorrect[16],0.625,1,0.4841531787952726,0,0,1,0.99998510754928,7232.012213013205,NA
posteriorcorrect[17],0.804125,1,0.39689756277207955,0,0,1,1.0000409292611019,7973.7039991839065,NA
posteriorcorrect[18],0.621125,1,0.4851372528926922,0,0,1,0.9997301649283417,8108.591515154983,NA
posteriorcorrect[19],0.8775,1,0.327882888236867,0,0,1,0.9998081631337205,8165.831114656904,NA
posteriorcorrect[20],0.8165,1,0.3871000914622745,0,0,1,0.9998354713886531,8205.487602985593,NA
posteriorcorrect[21],0.889625,1,0.3133761875994558,0,0,1,1.0003499061907446,7357.981709636023,NA
posteriorcorrect[22],0.61175,1,0.48738242705679846,0,0,1,0.9999616918874188,8342.657707045908,NA
posteriorcorrect[23],0.81775,1,0.3860745642957452,0,0,1,1.000540492674311,7562.336314342888,NA
posteriorcorrect[24],0.609375,1,0.48792096463819495,0,0,1,0.9998328908287667,7729.660331783205,NA
posteriorcorrect[25],0.564625,1,0.4958370106876311,0,0,1,0.9998665206091786,8078.423651867132,NA
posteriorcorrect[26],0.603,1,0.4893065783493535,0,0,1,1.0003393697293042,7969.444402818824,NA
posteriorcorrect[27],0.632125,1,0.4822572507303392,0,0,1,1.0008070669774953,7984.945473314151,NA
posteriorcorrect[28],0.818625,1,0.385352658559575,0,0,1,0.9998288383933792,8198.14322285901,NA
posteriorcorrect[29],0.88125,1,0.32351432764256943,0,0,1,1.0000648076538152,8043.847902340124,NA
posteriorcorrect[30],0.641125,1,0.47970042572141275,0,0,1,1.0004812477715257,7438.675067719103,NA
posteriorcorrect[31],0.60075,1,0.4897748691264217,0,0,1,1.0001431823013647,8224.752517704872,NA
posteriorcorrect[32],0.816375,1,0.38720227281746344,0,0,1,1.0000316616967986,7892.983547465168,NA
posteriorcorrect[33],0.8785,1,0.3267278590612313,0,0,1,1.0000969455961164,7259.705323593528,NA
posteriorcorrect[34],0.836875,1,0.3695027752434535,0,0,1,0.9997325972257907,8098.239948738658,NA
posteriorcorrect[35],0.60675,1,0.4885020642569977,0,0,1,0.999920635990402,8039.904997241963,NA
posteriorcorrect[36],0.82775,1,0.3776211887861664,0,0,1,0.9997540719162812,7955.479094856179,NA
posteriorcorrect[37],0.621,1,0.4851684486371142,0,0,1,0.9999344881533226,7973.267538682477,NA
posteriorcorrect[38],0.834625,1,0.3715418748884161,0,0,1,0.999715040681803,7768.3409916689125,NA
posteriorcorrect[39],0.881375,1,0.3233669434984325,0,0,1,0.9999725928877213,8085.562882294122,NA
posteriorcorrect[40],0.596375,1,0.4906546159153248,0,0,1,1.0000340574117765,7868.039606145862,NA
posteriorcorrect[41],0.623875,1,0.4844422771755056,0,0,1,0.9999305769353072,7776.060102946046,NA
posteriorcorrect[42],0.6305,1,0.48269956998049773,0,0,1,0.9997383617067123,7866.577214464289,NA
posteriorcorrect[43],0.865125,1,0.34161136056227426,0,0,1,0.9998493170005776,8132.425685440166,NA
posteriorcorrect[44],0.622125,1,0.48488645447590795,0,0,1,0.9998799323420364,8013.742790662018,NA
posteriorcorrect[45],0.88125,1,0.32351432764256943,0,0,1,0.9997397458347034,8026.250435213241,NA
posteriorcorrect[46],0.634375,1,0.4816350858476674,0,0,1,0.9999883101342228,7341.158598528265,NA
posteriorcorrect[47],0.616,1,0.48638829313261855,0,0,1,1.0000640657435806,7962.0676313077565,NA
posteriorcorrect[48],0.824875,1,0.3800977422475799,0,0,1,1.0001640991034684,8334.514201212156,NA
posteriorcorrect[49],0.630875,1,0.4825980180034649,0,0,1,1.0000468352722909,8027.265590003524,NA
posteriorcorrect[50],0.831,1,0.374775342131301,0,0,1,0.9997083547752238,8003.95439323641,NA
posteriorcorrect[51],0.82775,1,0.3776211887861664,0,0,1,0.9998452715946289,8081.200946775563,NA
posteriorcorrect[52],0.86775,1,0.3387835360308049,0,0,1,0.9997671587943632,7826.717390225123,NA
posteriorcorrect[53],0.87375,1,0.3321516642905939,0,0,1,0.9999969070146139,7913.596440889944,NA
posteriorcorrect[54],0.630875,1,0.4825980180034649,0,0,1,0.9999928077178145,8131.98685009655,NA
posteriorcorrect[55],0.882125,1,0.32248020646304026,0,0,1,0.99997863480435,7807.294756011308,NA
posteriorcorrect[56],0.637625,1,0.4807163877024328,0,0,1,0.9996599202691628,8006.378888939187,NA
posteriorcorrect[57],0.59225,1,0.491446973249342,0,0,1,0.9998996252415072,7470.588674932884,NA
posteriorcorrect[58],0.878375,1,0.32687262823519836,0,0,1,1.0000494868092928,8097.137961150441,NA
posteriorcorrect[59],0.825625,1,0.37945534344598275,0,0,1,0.9997349351411075,8101.846205603695,NA
posteriorcorrect[60],0.604,1,0.4890949823272748,0,0,1,0.9999627946370983,8059.639814919117,NA
posteriorcorrect[61],0.825875,1,0.3792406390509705,0,0,1,1.0001223543700068,8159.3592033618015,NA
posteriorcorrect[62],0.611375,1,0.48746826823811557,0,0,1,0.9998972700222526,8264.713677757842,NA
posteriorcorrect[63],0.6045,1,0.48898838299579067,0,0,1,0.9997657308373422,8169.734109699546,NA
posteriorcorrect[64],0.626,1,0.4838938614599743,0,0,1,1.0000491369128375,7569.849810111579,NA
posteriorcorrect[65],0.879125,1,0.32600232984578975,0,0,1,0.9998580434823393,8036.588782790394,NA
posteriorcorrect[66],0.647875,1,0.4776625425581018,0,0,1,0.9999635746558607,8222.78258065706,NA
posteriorcorrect[67],0.883,1,0.32144037625885796,0,0,1,0.9998856657190082,7898.285369199737,NA
posteriorcorrect[68],0.641375,1,0.47962679721641494,0,0,1,1.000117981771619,7372.0261376523895,NA
posteriorcorrect[69],0.617625,1,0.48599782263961977,0,0,1,0.999873656505914,7825.315644344977,NA
posteriorcorrect[70],0.834,1,0.37210389364189395,0,0,1,1.0002007827764394,8120.830287401871,NA
posteriorcorrect[71],0.883,1,0.32144037625885796,0,0,1,0.9997514955280007,7880.425050414816,NA
posteriorcorrect[72],0.610125,1,0.4877522138881269,0,0,1,1.0004400509275233,7738.551631897588,NA
posteriorcorrect[73],0.612,1,0.4873250308682223,0,0,1,1.0003389869195263,7845.647767846154,NA
posteriorcorrect[74],0.642875,1,0.4791820492302879,0,0,1,1.0000677455546103,8107.0068869670795,NA
posteriorcorrect[75],0.828875,1,0.3766416954425562,0,0,1,0.9999797727137361,7980.761420426094,NA
posteriorcorrect[76],0.873,1,0.3329937846380559,0,0,1,0.9996492939558287,8013.655626825564,NA
posteriorcorrect[77],0.63175,1,0.4823598463571281,0,0,1,0.9998742887255587,8050.223544080033,NA
posteriorcorrect[78],0.881,1,0.3238087499023369,0,0,1,1.000182795790185,8080.490518084407,NA
posteriorcorrect[79],0.61775,1,0.485967548358177,0,0,1,0.9999111164944792,7850.613493466444,NA
posteriorcorrect[80],0.838,1,0.3684738411630501,0,0,1,1.0003769704320273,7954.221601129072,NA
posteriorcorrect[81],0.63475,1,0.4815302912877636,0,0,1,1.0002024340070368,7931.680582702168,NA
posteriorcorrect[82],0.828625,1,0.37685987090069284,0,0,1,1.0000924866115988,7967.593942247022,NA
posteriorcorrect[83],0.875,1,0.33073958575319956,0,0,1,1.0001701421078024,7851.59478367895,NA
posteriorcorrect[84],0.607,1,0.4884473590908496,0,0,1,0.9999430505394619,7753.225672963838,NA
posteriorcorrect[85],0.6295,1,0.4829688471976432,0,0,1,0.9999231363270589,7801.907539912027,NA
posteriorcorrect[86],0.609125,1,0.48797694572842815,0,0,1,0.9996968903131113,8031.735110378073,NA
posteriorcorrect[87],0.83525,1,0.37097795160908487,0,0,1,1.0001860778604745,8040.952504865908,NA
posteriorcorrect[88],0.8245,1,0.38041798029268575,0,0,1,1.000073601018759,7697.845234731759,NA
posteriorcorrect[89],0.62825,1,0.48330232271518486,0,0,1,0.9999952352167383,7682.969403523726,NA
posteriorcorrect[90],0.8275,1,0.37783805419703287,0,0,1,1.0000153584147724,7752.392527454712,NA
posteriorcorrect[91],0.83925,1,0.3673231592044136,0,0,1,1.0003578193358438,7661.127273440543,NA
posteriorcorrect[92],0.610375,1,0.48769569432309184,0,0,1,1.0001313568729067,8248.739976025732,NA
posteriorcorrect[93],0.8745,1,0.33130570540484844,0,0,1,0.9998369790081988,7835.798657048045,NA
posteriorcorrect[94],0.609375,1,0.48792096463819495,0,0,1,0.999892929952797,8091.392843109168,NA
posteriorcorrect[95],0.877875,1,0.32745058766311613,0,0,1,0.999873543408306,7814.760322687733,NA
posteriorcorrect[96],0.620375,1,0.4853239142961363,0,0,1,1.0000197596737268,8140.697305159253,NA
log_lik[1],-0.693147,-0.693147,0,0,-0.693147,-0.693147,NA,NA,NA
log_lik[2],-0.693147,-0.693147,0,0,-0.693147,-0.693147,NA,NA,NA
log_lik[3],-0.693147,-0.693147,0,0,-0.693147,-0.693147,NA,NA,NA
log_lik[4],-0.693147,-0.693147,0,0,-0.693147,-0.693147,NA,NA,NA
log_lik[5],-0.693147,-0.693147,0,0,-0.693147,-0.693147,NA,NA,NA
log_lik[6],-0.693147,-0.693147,0,0,-0.693147,-0.693147,NA,NA,NA
log_lik[7],-0.693147,-0.693147,0,0,-0.693147,-0.693147,NA,NA,NA
log_lik[8],-0.693147,-0.693147,0,0,-0.693147,-0.693147,NA,NA,NA
log_lik[9],-0.78791227775,-0.7641150000000001,0.23464906591831003,0.22866658709999976,-1.2105615,-0.4469115500000001,1.0000248177823894,5752.8029045254525,5625.952059573706
log_lik[10],-0.0827261696875,-0.0753801,0.032476398830980184,0.027212381699999993,-0.1447979,-0.04552521500000001,1.0002036460473833,6530.976056818998,5396.663163683316
log_lik[11],-0.49467275585,-0.478025,0.16591206221323515,0.16225870919999996,-0.79642265,-0.2546662000000002,0.9999487852755518,8297.483403968718,5584.325923555796
log_lik[12],-1.32851996975,-1.3371,0.3178137130962446,0.319952493,-1.840563,-0.78942195,1.000180532301711,5687.091803868465,6100.529677501034
log_lik[13],-0.13451625665,-0.12731199999999998,0.046925915686835906,0.04343158092,-0.21959995,-0.07173106000000005,1.0005815595680003,9311.120686786157,5920.223140124675
log_lik[14],-0.1155896036625,-0.10857800000000001,0.04214707826500557,0.03818695755,-0.1932414,-0.06061383,1.000840508704414,9666.174381437992,5860.091760207403
log_lik[15],-0.17425736345,-0.166913,0.0459702531357869,0.04243645980000001,-0.2600592,-0.11284600000000002,1.0008081798332078,8033.3386816633465,5918.404253212925
log_lik[16],-1.00259938925,-0.986357,0.22093502077871854,0.21653817780000006,-1.3925005,-0.6712567,1.0001880395150435,9260.65027599625,5532.244262439216
log_lik[17],-0.2095518448125,-0.1977045,0.06699802445487611,0.0587799009,-0.33600865,-0.12417115000000005,1.0006084734295078,7133.3373945107905,5891.288821555934
log_lik[18],-1.000019486375,-0.9811135,0.21767062903772358,0.21416156999999994,-1.38973,-0.67812475,1.0002914792036968,8114.983726034357,5110.686880089407
log_lik[19],-2.18866592125,-2.18112,0.34654902478415467,0.3526067579999998,-2.7644265,-1.6341140000000005,1.0006085723038818,8900.59960832245,6107.745781132982
log_lik[20],-0.200818606525,-0.192138,0.05610178310297812,0.0513335424,-0.3052469,-0.12586845000000005,1.0008543338559686,8389.112115336422,6229.537774010027
log_lik[21],-0.1157972309875,-0.10902400000000001,0.04236753521809866,0.039079408620000006,-0.193486,-0.05965037000000001,1.0012087848199849,9213.193565833395,6060.119032069497
log_lik[22],-0.941126371625,-0.9241675,0.21209943183547167,0.20556619649999994,-1.3128284999999997,-0.62383845,1.0000004602366297,10151.62581626876,5394.837199055388
log_lik[23],-0.2036219261625,-0.19537749999999998,0.05604558268567402,0.05189989559999997,-0.30865210000000004,-0.12850930000000002,1.000916639714354,8105.433645367535,6051.258442994705
log_lik[24],-0.9531815215,-0.9301425000000001,0.21420402527047502,0.2102289735000001,-1.3376995,-0.63873945,1.0004434125095254,7966.751522086302,5237.234334423034
log_lik[25],-0.578928902625,-0.564445,0.15572690434509945,0.14837416019999994,-0.85520155,-0.34711805,1.000292604547894,10754.464902636106,5144.285305113319
log_lik[26],-0.93241704325,-0.9152415,0.20996897380446045,0.20067287519999996,-1.3073615,-0.6212434,1.000500540047343,10666.716877300247,5470.023875171442
log_lik[27],-0.46991671575,-0.46258600000000005,0.1217231711407714,0.12047162819999999,-0.6839096,-0.28824755,1.000773420963181,8862.356422476882,4439.697132188133
log_lik[28],-0.1994942998,-0.19280799999999998,0.04955873105336899,0.04652398799999998,-0.28988295000000003,-0.13099930000000004,1.0010937406529934,8269.72273892003,5614.876531217249
log_lik[29],-0.13412176205,-0.126723,0.04804243803994703,0.04511981753999999,-0.22247234999999996,-0.0695153900000001,1.000914628014705,9272.566892951187,5884.659777837718
log_lik[30],-0.44943112375,-0.441659,0.1181034158525567,0.11695045320000004,-0.6561881,-0.27344250000000003,1.0007886503899626,8900.72133994411,4898.084296630734
log_lik[31],-0.924833247375,-0.908687,0.20905576168800227,0.20184042270000002,-1.2971675,-0.614618,1.0002914086714574,10537.699334217681,5402.286608472159
log_lik[32],-0.2043130483,-0.197376,0.05144522538823523,0.048317933999999986,-0.2988705,-0.13333625000000002,1.0009980799172054,8166.654730400582,5946.379038003744
log_lik[33],-0.1294082952625,-0.122097,0.046098798899413956,0.042501694199999995,-0.21419444999999998,-0.06788427500000001,1.0008787785556468,9453.927392022344,5930.323063517336
log_lik[34],-0.1832253643625,-0.177778,0.044078725780857586,0.04131783809999998,-0.26435665,-0.1224718,1.0008657832127332,8544.960194558093,5799.936709311218
log_lik[35],-0.51537985175,-0.503781,0.13606361677160114,0.13214784449999994,-0.75856485,-0.311155,1.0002301556783233,10682.714510329153,5418.563242745556
log_lik[36],-0.186914383025,-0.181397,0.044737123053105524,0.042119924700000005,-0.26905425,-0.12518310000000002,1.0008563813797124,8514.846929125491,5762.86538655252
log_lik[37],-0.479349255375,-0.47117549999999997,0.12385195623721444,0.1224597948,-0.6953308,-0.2932409000000001,1.0006271290344178,8589.031088880682,4611.365548864291
log_lik[38],-0.1889897016375,-0.183459,0.045191173627859585,0.04269665610000001,-0.2713723,-0.12639485,1.0009496178722874,8282.885406463103,5850.662775052305
log_lik[39],-0.1209537252375,-0.114243,0.042990632267925925,0.03952997076,-0.19934924999999998,-0.06385447000000001,1.0010597667652141,9697.615343669362,5955.228533759198
log_lik[40],-0.520297047,-0.508389,0.1366785208299573,0.1320974361,-0.76340605,-0.31522415,1.0002516913926724,10725.225781142542,5355.642543308485
log_lik[41],-0.99864045,-0.982296,0.21476781260924813,0.20641572630000007,-1.3742284999999999,-0.6751667499999999,1.0003367267042926,10523.263830135078,5211.945500578197
log_lik[42],-0.469601604,-0.4616365,0.12103566845115167,0.11972736299999999,-0.67992135,-0.28773040000000005,1.0008906550625816,8817.942108162111,4717.403151027805
log_lik[43],-0.14203887655,-0.13381949999999998,0.051196048586585594,0.0474765585,-0.23721375000000003,-0.07387182500000002,1.0008990388028058,9297.076778690209,6151.860170513567
log_lik[44],-0.992058446875,-0.9705505,0.20897151780148404,0.20585085570000006,-1.3659930000000002,-0.6809030000000001,1.000431243297513,8456.937679705528,5006.6579981050045
log_lik[45],-0.129447657625,-0.12209249999999999,0.04661351714705772,0.043128834000000026,-0.216911,-0.06766972000000006,1.000876886243323,9614.354750816608,6023.561360795903
log_lik[46],-0.46561194725,-0.457302,0.12265963120146244,0.12101129459999999,-0.68083175,-0.28186500000000003,1.0007244786763125,8449.100040473117,4656.889844645522
log_lik[47],-0.490251810875,-0.4786105,0.12845074171332935,0.1260002436,-0.7210901,-0.30001110000000014,1.0001623590055273,10476.142176954221,5230.215769436692
log_lik[48],-0.1922403254,-0.1862885,0.04633033993480292,0.043834551599999994,-0.2765313,-0.12843785000000002,1.0008849588605198,8650.610948658943,6035.890119948136
log_lik[49],-1.001363605375,-0.9806334999999999,0.21158241117654086,0.20742537690000004,-1.3784125,-0.6886158500000001,1.0004293848374333,8058.147210349074,4924.280469505639
log_lik[50],-0.1922373543125,-0.1865795,0.04623016035231961,0.043486140600000014,-0.2764393,-0.12844355000000002,1.0009633766542336,8456.044560494054,5964.47436525122
log_lik[51],-0.191533374775,-0.1858765,0.04579690837381833,0.04319406840000001,-0.275338,-0.1283509000000001,1.0008122938565582,8392.684777059918,5707.935506792619
log_lik[52],-0.1339559214125,-0.12689050000000002,0.047000844617130694,0.043785922320000004,-0.22083355,-0.07069911000000001,1.0009023619717692,9369.282278677227,6097.502301983332
log_lik[53],-2.17653564625,-2.17043,0.3315485456379604,0.3360387029999997,-2.7361775,-1.6499555000000001,1.0006171747835153,9381.46878023679,5949.55875710356
log_lik[54],-1.02344858775,-1.002165,0.2146778967301725,0.21155812439999996,-1.4073205000000002,-0.7029702999999999,1.0005017397261566,8466.48971507304,4705.347803224039
log_lik[55],-0.1284641423125,-0.12119250000000001,0.04625125212384892,0.04278487079999997,-0.21423555000000002,-0.06696825000000005,1.000794678376243,9335.35545081336,6000.476978279196
log_lik[56],-0.454143017875,-0.44608349999999997,0.1201258264222811,0.11868583649999995,-0.66375625,-0.2751336000000001,1.0006013767901651,8373.16072348795,4742.734113844837
log_lik[57],-0.533100443125,-0.521462,0.13787699361371536,0.1350359493,-0.777934,-0.3265863000000001,1.0001518564920269,10576.037340282175,5223.614520956478
log_lik[58],-0.1306697176375,-0.1229825,0.0473456059393637,0.043929438,-0.21810090000000001,-0.06759384,1.000937688367023,9248.578168698497,6049.411469017336
log_lik[59],-0.18326483195,-0.1775045,0.04436397278500594,0.04177670279999999,-0.26421235000000004,-0.12180389999999999,1.0009102703910358,8432.798724084703,5844.9634758307475
log_lik[60],-0.520970051375,-0.5091885,0.13574493292710657,0.13155035669999993,-0.7638682499999999,-0.3173842000000001,1.0002608027961506,10599.903706705307,5251.754497923102
log_lik[61],-0.1904360453125,-0.18446200000000001,0.04635909322651958,0.0435157926,-0.27532695,-0.12615165,1.0008661559164214,8397.671663392422,5835.681174269056
log_lik[62],-0.50295321625,-0.49185650000000003,0.13144612184108218,0.12755252580000007,-0.7383340500000001,-0.30571170000000003,1.0002099903263197,10600.883802340153,5216.732256156601
log_lik[63],-0.500147127125,-0.488486,0.1312906650112646,0.12743762430000002,-0.7357274,-0.30333095000000004,1.0002165038964137,10648.020305246018,5234.667141327518
log_lik[64],-1.008309854125,-0.986877,0.2101544390039031,0.20677822200000004,-1.382881,-0.6987157500000002,1.0007193924625841,8382.031834271651,4563.406833797205
log_lik[65],-0.1294082952625,-0.122097,0.046098798899413956,0.042501694199999995,-0.21419444999999998,-0.06788427500000001,1.0008787785556468,9453.927392022344,5930.323063517336
log_lik[66],-0.4565451695,-0.4487495,0.11902726807102786,0.11769175320000004,-0.6636959499999999,-0.2782236,1.000706077992583,8628.423451266242,4580.233841573942
log_lik[67],-0.129779790775,-0.12238650000000001,0.04657930551968717,0.04306271004000001,-0.21533100000000002,-0.06757906500000001,1.0008730637233791,9378.44966628291,5954.395064554483
log_lik[68],-1.0514951265,-1.0302950000000002,0.21394983861087907,0.21076715730000026,-1.430621,-0.7333794499999999,1.0006476802528352,8699.755017281994,4848.369785648476
log_lik[69],-0.503699741,-0.4928665,0.13026933311613284,0.12641314770000003,-0.7370095000000001,-0.3082735500000001,1.0001735198124249,10576.504958448515,5261.076570802007
log_lik[70],-0.1876841853375,-0.1823685,0.04488571210103067,0.04237270800000001,-0.2699245,-0.12578850000000003,1.0007330626989477,8386.262278668175,5644.018714307469
log_lik[71],-0.12863813165,-0.121349,0.04598780791135784,0.042612518550000006,-0.21321879999999999,-0.06716707500000003,1.0008839417544206,9418.530718298884,5977.843934729042
log_lik[72],-0.965812168375,-0.9488354999999999,0.20922885870366228,0.20108355539999997,-1.337917,-0.6535849000000002,1.0002622639409116,10617.302613475003,5333.392259825035
log_lik[73],-0.4980499365,-0.4869825,0.13038230216608,0.12673709580000003,-0.7320131000000001,-0.30248855000000013,1.0001813063667468,10656.815202006366,5163.5451594050555
log_lik[74],-0.454876469125,-0.447258,0.11866734450928847,0.11742710909999997,-0.6614221,-0.27733570000000013,1.0007844288443895,8678.508106889,4683.459745853931
log_lik[75],-0.1874124821125,-0.1819085,0.04459555365708207,0.04189901729999999,-0.26924095,-0.12575785000000006,1.0008221392777172,8451.666513908014,5798.277521512768
log_lik[76],-0.1285090374,-0.1211755,0.04582992371036612,0.042363219359999996,-0.21212175,-0.06725915500000003,1.001007447231554,9534.467838352759,5881.373982283642
log_lik[77],-0.469327123,-0.4618415,0.12259258196668765,0.12144717900000002,-0.68410185,-0.2848044000000001,1.000530236498467,8509.371814951046,4745.110589730855
log_lik[78],-0.1286685127625,-0.121331,0.04605603416049294,0.04276151985,-0.2142451,-0.067331685,1.0007957396100995,9502.93414277281,5923.3610902768305
log_lik[79],-0.493003143125,-0.4814045,0.12808059507126116,0.1253775516,-0.7222806500000001,-0.3015511500000001,1.0002126522988541,10540.174151032154,5296.888170457034
log_lik[80],-0.182648872425,-0.1769635,0.043796100780440814,0.04107765689999999,-0.2633844,-0.12245800000000003,1.000964801928018,8435.055701009973,5830.642310595707
log_lik[81],-0.4608727075,-0.452969,0.12002777709990461,0.11835669929999999,-0.6711230499999999,-0.2809168500000001,1.0006329898749975,8673.928563017038,4837.163403022867
log_lik[82],-0.1968504732375,-0.19065500000000002,0.04766662042290577,0.04476784830000004,-0.2838831,-0.13020885000000007,1.0008764062324031,8378.038790017246,5769.306295719969
log_lik[83],-0.1299568804375,-0.1228675,0.0463143145873419,0.04303980387,-0.2154213,-0.06799254000000005,1.0009870573281794,9339.446927054809,5885.303271338023
log_lik[84],-0.974439097125,-0.9583280000000001,0.21015547217752434,0.20255355330000005,-1.3467459999999998,-0.6583351500000001,1.0002879910301115,10539.55352050426,5269.8357546166335
log_lik[85],-0.450837691625,-0.44282699999999997,0.1181945535333456,0.11734482480000002,-0.6577264,-0.2747978500000002,1.0007873198066477,8722.088211900704,4710.8948274102495
log_lik[86],-0.96760127225,-0.9505565,0.20930795196244328,0.2011495311,-1.3394270000000001,-0.6542215,1.0002646388795813,10674.835028892445,5353.245363581537
log_lik[87],-0.185694861825,-0.180287,0.04399104175364669,0.04140827670000001,-0.2660541,-0.12492885000000001,1.0009875186540118,8461.053715594508,5920.654815196243
log_lik[88],-0.1934740815625,-0.1874455,0.04651942640561102,0.043678137299999996,-0.2778913,-0.12886215,1.0007406752074821,8496.983289334836,5769.780558183815
log_lik[89],-0.465350904,-0.458148,0.12126656672761157,0.11981631899999999,-0.6775096500000001,-0.2834657,1.0005104327513448,8539.534200845494,4585.0345001945425
log_lik[90],-0.1928652033875,-0.18699500000000002,0.04605811159574579,0.043378652100000005,-0.2766173,-0.12867240000000002,1.0007982846652064,8494.991155015852,5745.711436539657
log_lik[91],-0.1901546107125,-0.184506,0.04509046800504075,0.04249131600000001,-0.2724284,-0.12742785,1.0008371384727668,8537.376490832152,5760.353295247834
log_lik[92],-0.49709982175,-0.48526400000000003,0.12960460693685577,0.12608326920000001,-0.7297641500000001,-0.30290715,1.00018884677681,10621.992902389436,5180.833403043344
log_lik[93],-0.1331012162,-0.1258255,0.04723920370457974,0.043884441090000004,-0.22009115,-0.06991621500000009,1.0009655600715206,9383.451340818183,5930.84734635362
log_lik[94],-0.490833999,-0.47957150000000004,0.12856382848300402,0.12451097189999998,-0.7212538000000001,-0.29847040000000025,1.000216070955929,10631.23783996369,5199.272574248269
log_lik[95],-0.1325353782625,-0.125221,0.04715588525033062,0.04375152600000001,-0.22020405,-0.06933467500000001,1.0009350011856564,9402.528499242586,5903.2583525003765
log_lik[96],-1.020558513875,-0.999814,0.2107694716122054,0.20737867500000004,-1.3966015,-0.7084486000000001,1.0007050838108953,8483.589189317112,4745.974699984251
