Subject_ID,variable,Parameter,MeanValue
1,w[1],mean,0.5740080125
1,w[1],median,0.5735939999999999
1,w[1],sd,0.0775493336794547
1,w[1],mad,0.07668303719999998
1,w[1],q5,0.44735305000000003
1,w[1],q95,0.70020935
1,w[1],rhat,1.0016679763503067
1,w[2],mean,0.064003183688
1,w[2],median,0.05027065
1,w[2],sd,0.05410904481657199
1,w[2],mad,0.04709908854
1,w[2],q5,0.0042214625
1,w[2],q95,0.17084685
1,w[2],rhat,1.002653454056155
1,w[3],mean,0.2528561252
1,w[3],median,0.25171849999999996
1,w[3],sd,0.06860384860699581
1,w[3],mad,0.07079637389999997
1,w[3],q5,0.14043225
1,w[3],q95,0.36550125000000006
1,w[3],rhat,0.9997307086251843
1,w[4],mean,0.0535067891297
1,w[4],median,0.0397862
1,w[4],sd,0.0491816324440349
1,w[4],mad,0.03949683465
1,w[4],q5,0.003200413
1,w[4],q95,0.15522545
1,w[4],rhat,1.0006085438950654
1,w[5],mean,0.055625890632045
1,w[5],median,0.04289105
1,w[5],sd,0.04782130469316345
1,w[5],mad,0.04052249733
1,w[5],q5,0.003593861
1,w[5],q95,0.1538134
1,w[5],rhat,0.9994198009142946
1,logit_c,mean,1.850644486
1,logit_c,median,1.81224
1,logit_c,sd,0.6104496172022897
1,logit_c,mad,0.6138260520000001
1,logit_c,q5,0.9278769
1,logit_c,q95,2.9169719999999995
1,logit_c,rhat,1.001111983414883
1,c,mean,4.24607683
1,c,median,4.298165
1,c,sd,0.3643547243500888
1,c,mad,0.36258465599999984
1,c,q5,3.5832245
1,c,q95,4.7433925
1,c,rhat,1.0011119888167543
2,w[1],mean,0.502350057
2,w[1],median,0.503503
2,w[1],sd,0.07151053071838835
2,w[1],mad,0.06919664850000004
2,w[1],q5,0.38400559999999995
2,w[1],q95,0.61931045
2,w[1],rhat,1.0015872474361445
2,w[2],mean,0.03439650288415
2,w[2],median,0.02458675
2,w[2],sd,0.033375526786190345
2,w[2],mad,0.025546591644
2,w[2],q5,0.0020174195
2,w[2],q95,0.10118574999999999
2,w[2],rhat,1.0001087351350502
2,w[3],mean,0.3891916857
2,w[3],median,0.3887565
2,w[3],sd,0.0692651391949171
2,w[3],mad,0.0674664543
2,w[3],q5,0.27672359999999996
2,w[3],q95,0.5043920999999999
2,w[3],rhat,1.000895592168098
2,w[4],mean,0.03721641226115
2,w[4],median,0.0266548
2,w[4],sd,0.035423927373708364
2,w[4],mad,0.026105472539999997
2,w[4],q5,0.00226092
2,w[4],q95,0.10462284999999999
2,w[4],rhat,1.0019503355731465
2,w[5],mean,0.03684535999396
2,w[5],median,0.02527865
2,w[5],sd,0.03592322434042012
2,w[5],mad,0.027193634222999995
2,w[5],q5,0.001618829
2,w[5],q95,0.10977979999999996
2,w[5],rhat,1.003107062169447
2,logit_c,mean,2.26403932
2,logit_c,median,2.232665
2,logit_c,sd,0.5760674110285898
2,logit_c,mad,0.5730174869999997
2,logit_c,q5,1.351268
2,logit_c,q95,3.247904
2,logit_c,rhat,1.0009697503239479
2,c,mean,4.47365107
2,c,median,4.51572
2,c,sd,0.2606338772927484
2,c,mad,0.24486621600000028
2,c,q5,3.9716795
2,c,q95,4.8129905
2,c,rhat,1.0009697984786037
3,w[1],mean,0.580292692
3,w[1],median,0.576781
3,w[1],sd,0.08345978931781234
3,w[1],mad,0.08233693229999993
3,w[1],q5,0.44224769999999997
3,w[1],q95,0.71994885
3,w[1],rhat,0.9999924851218871
3,w[2],mean,0.06720925132325
3,w[2],median,0.052352499999999996
3,w[2],sd,0.05670847646882051
3,w[2],mad,0.050262363899999996
3,w[2],q5,0.004601694
3,w[2],q95,0.17746779999999998
3,w[2],rhat,0.9997531129645013
3,w[3],mean,0.2473208792625
3,w[3],median,0.24665900000000002
3,w[3],sd,0.0728929037098107
3,w[3],mad,0.07224635670000001
3,w[3],q5,0.12901089999999998
3,w[3],q95,0.3667859
3,w[3],rhat,1.0010873621309824
3,w[4],mean,0.0502049443169
3,w[4],median,0.03800655
3,w[4],sd,0.04472947274357206
3,w[4],mad,0.038530846619999996
3,w[4],q5,0.002788637
3,w[4],q95,0.13910234999999999
3,w[4],rhat,1.0004018436569697
3,w[5],mean,0.05497223724835
3,w[5],median,0.04141025
3,w[5],sd,0.04934981055435917
3,w[5],mad,0.04072857873
3,w[5],q5,0.003452045000000001
3,w[5],q95,0.14943679999999993
3,w[5],rhat,0.9995142124370254
3,logit_c,mean,1.6860102908
3,logit_c,median,1.655435
3,logit_c,sd,0.6083735642565474
3,logit_c,mad,0.6311279939999999
3,logit_c,q5,0.7774083499999999
3,logit_c,q95,2.7139134999999994
3,logit_c,rhat,0.9995524393959128
3,c,mean,4.139969275
3,c,median,4.198119999999999
3,c,sd,0.40420309571119767
3,c,mad,0.4176484200000011
3,c,q5,3.4256105
3,c,q95,4.689216
3,c,rhat,0.9995523801378124
4,w[1],mean,0.4927206785
4,w[1],median,0.4900685
4,w[1],sd,0.0879178083752256
4,w[1],mad,0.08948825339999991
4,w[1],q5,0.3516158
4,w[1],q95,0.6367733500000001
4,w[1],rhat,0.9998374554672488
4,w[2],mean,0.05040388197275
4,w[2],median,0.03562845
4,w[2],sd,0.04871886197432724
4,w[2],mad,0.03792831798
4,w[2],q5,0.0020045410000000003
4,w[2],q95,0.14441194999999996
4,w[2],rhat,1.0000077317632277
4,w[3],mean,0.3425795083
4,w[3],median,0.34169499999999997
4,w[3],sd,0.08739433780808438
4,w[3],mad,0.08438217899999999
4,w[3],q5,0.19930045
4,w[3],q95,0.4869644
4,w[3],rhat,0.999713855882402
4,w[4],mean,0.06087219234395
4,w[4],median,0.0465637
4,w[4],sd,0.0531517259217316
4,w[4],mad,0.04639774460999999
4,w[4],q5,0.0038792210000000004
4,w[4],q95,0.16380459999999994
4,w[4],rhat,0.9993974934682337
4,w[5],mean,0.05342374518555
4,w[5],median,0.03893945
4,w[5],sd,0.04966873699654002
4,w[5],mad,0.03952782099
4,w[5],q5,0.002747286
4,w[5],q95,0.1551022
4,w[5],rhat,1.000373993705985
4,logit_c,mean,1.844183974
4,logit_c,median,1.8182800000000001
4,logit_c,sd,0.6403659963743856
4,logit_c,mad,0.6645013200000001
4,logit_c,q5,0.8400138500000001
4,logit_c,q95,2.952055
4,logit_c,rhat,1.0022302132706664
4,c,mean,4.234341355
4,c,median,4.3018
4,c,sd,0.3890279398643644
4,c,mad,0.39088748999999956
4,c,q5,3.4923375
4,c,q95,4.7518035
4,c,rhat,1.002005113874998
5,w[1],mean,0.532645133
5,w[1],median,0.5333829999999999
5,w[1],sd,0.07466302875810743
5,w[1],mad,0.07491281280000002
5,w[1],q5,0.4078656
5,w[1],q95,0.65827555
5,w[1],rhat,1.0003327288063941
5,w[2],mean,0.03175948944896
5,w[2],median,0.023662049999999997
5,w[2],sd,0.029895605330186436
5,w[2],mad,0.024384077570999994
5,w[2],q5,0.0014542880000000002
5,w[2],q95,0.09301272000000001
5,w[2],rhat,0.999862884911805
5,w[3],mean,0.3622745098
5,w[3],median,0.362429
5,w[3],sd,0.07265337996333296
5,w[3],mad,0.0701210496
5,w[3],q5,0.24423735
5,w[3],q95,0.48740550000000005
5,w[3],rhat,1.0010459348121845
5,w[4],mean,0.0350349461101
5,w[4],median,0.02506055
5,w[4],sd,0.03367243736050075
5,w[4],mad,0.026009148017999997
5,w[4],q5,0.0016828705
5,w[4],q95,0.10183344999999999
5,w[4],rhat,1.0007488837781087
5,w[5],mean,0.03828590437725
5,w[5],median,0.0283367
5,w[5],sd,0.03538819454910392
5,w[5],mad,0.029741571278999995
5,w[5],q5,0.0018999715
5,w[5],q95,0.10835054999999999
5,w[5],rhat,1.0016014066798968
5,logit_c,mean,2.2804574885
5,logit_c,median,2.2383699999999997
5,logit_c,sd,0.5821479349334553
5,logit_c,mad,0.5759307959999999
5,logit_c,q5,1.3814149999999998
5,logit_c,q95,3.28491
5,logit_c,rhat,1.003425255992622
5,c,mean,4.4803886
5,c,median,4.51821
5,c,sd,0.2566479143466965
5,c,mad,0.24560010300000015
5,c,q5,3.9960885000000004
5,c,q95,4.819532999999999
5,c,rhat,1.0019988449794013
6,w[1],mean,0.57282398
6,w[1],median,0.572039
6,w[1],sd,0.0818449989301334
6,w[1],mad,0.0834688973999999
6,w[1],q5,0.43647865
6,w[1],q95,0.7023396500000001
6,w[1],rhat,1.0009898317626207
6,w[2],mean,0.040944062448
6,w[2],median,0.028573599999999998
6,w[2],sd,0.03958998609707338
6,w[2],mad,0.030452529869999995
6,w[2],q5,0.00187879
6,w[2],q95,0.12343014999999996
6,w[2],rhat,1.0060383900880936
6,w[3],mean,0.30305095075
6,w[3],median,0.3029725
6,w[3],sd,0.07016222730351143
6,w[3],mad,0.06978746459999996
6,w[3],q5,0.18576605000000002
6,w[3],q95,0.42453789999999997
6,w[3],rhat,1.0002284141679603
6,w[4],mean,0.0407041851883
6,w[4],median,0.0303453
6,w[4],sd,0.03752956947708513
6,w[4],mad,0.030879362997
6,w[4],q5,0.002210569
6,w[4],q95,0.11376445
6,w[4],rhat,1.006403787858584
6,w[5],mean,0.04247681833405
6,w[5],median,0.030949749999999998
6,w[5],sd,0.03985155939526017
6,w[5],mad,0.03050316066
6,w[5],q5,0.002375571
6,w[5],q95,0.12025405
6,w[5],rhat,1.0006032011628632
6,logit_c,mean,2.1439036025
6,logit_c,median,2.112755
6,logit_c,sd,0.5918818084220759
6,logit_c,mad,0.5749300409999999
6,logit_c,q5,1.2219624999999998
6,logit_c,q95,3.1470125
6,logit_c,rhat,1.0006952512219607
6,c,mean,4.41376462
6,c,median,4.460685
6,c,sd,0.28743052957857923
6,c,mad,0.27142699499999945
6,c,q5,3.8620470000000005
6,c,q95,4.7939545
6,c,rhat,0.9998182709996162
7,w[1],mean,0.29203642725
7,w[1],median,0.2849415
7,w[1],sd,0.10584857330006907
7,w[1],mad,0.09849727229999997
7,w[1],q5,0.12847765
7,w[1],q95,0.47824444999999993
7,w[1],rhat,1.0033648697998112
7,w[2],mean,0.16288300583035
7,w[2],median,0.141995
7,w[2],sd,0.12209235185036642
7,w[2],mad,0.12793815005999998
7,w[2],q5,0.010193185
7,w[2],q95,0.3860523499999998
7,w[2],rhat,0.9997721678208377
7,w[3],mean,0.279612647085
7,w[3],median,0.2740775
7,w[3],sd,0.1056171040922285
7,w[3],mad,0.1049339802
7,w[3],q5,0.12176465
7,w[3],q95,0.46572484999999997
7,w[3],rhat,1.0002808883379548
7,w[4],mean,0.1356323208529
7,w[4],median,0.112571
7,w[4],sd,0.10598896557586067
7,w[4],mad,0.10404916451999999
7,w[4],q5,0.0093862715
7,w[4],q95,0.34381349999999994
7,w[4],rhat,0.9999389561430074
7,w[5],mean,0.129835593649
7,w[5],median,0.104606
7,w[5],sd,0.10331970559060298
7,w[5],mad,0.09969432354
7,w[5],q5,0.010099005000000001
7,w[5],q95,0.32579845
7,w[5],rhat,1.000297022573788
7,logit_c,mean,0.8606582558085
7,logit_c,median,0.821423
7,logit_c,sd,0.7444550615928166
7,logit_c,mad,0.7332598601999999
7,logit_c,q5,-0.2912098
7,logit_c,q95,2.1523825
7,logit_c,rhat,1.0003324488717833
7,c,mean,3.41139054
7,c,median,3.47269
7,c,sd,0.7127173431853943
7,c,mad,0.7696176599999998
7,c,q5,2.138537
7,c,q95,4.479459
7,c,rhat,1.0003718924077942
8,w[1],mean,0.4196992905
8,w[1],median,0.416699
8,w[1],sd,0.09554459472516333
8,w[1],mad,0.0929820003
8,w[1],q5,0.26646335
8,w[1],q95,0.5805334
8,w[1],rhat,1.0008891038573302
8,w[2],mean,0.0917337394195
8,w[2],median,0.06910530000000001
8,w[2],sd,0.07850884156493905
8,w[2],mad,0.06883178063999999
8,w[2],q5,0.007074944
8,w[2],q95,0.24644594999999994
8,w[2],rhat,1.0010548894207951
8,w[3],mean,0.28087335375
8,w[3],median,0.2795005
8,w[3],sd,0.09248373563466723
8,w[3],mad,0.09256909619999998
8,w[3],q5,0.13385239999999998
8,w[3],q95,0.43016465
8,w[3],rhat,1.0007050328761011
8,w[4],mean,0.0919941165215
8,w[4],median,0.07052015
8,w[4],sd,0.07803515248955598
8,w[4],mad,0.06463817241000001
8,w[4],q5,0.0063527125000000005
8,w[4],q95,0.251693
8,w[4],rhat,1.0022596425611157
8,w[5],mean,0.11569947842005
8,w[5],median,0.09643135
8,w[5],sd,0.0886193979355478
8,w[5],mad,0.08999063241
8,w[5],q5,0.008449261000000001
8,w[5],q95,0.28665775
8,w[5],rhat,1.0009171339522667
8,logit_c,mean,1.07321830104735
8,logit_c,median,1.01942
8,logit_c,sd,0.6704724782729289
8,logit_c,mad,0.6714650922000001
8,logit_c,q5,0.063757795
8,logit_c,q95,2.2436409999999998
8,logit_c,rhat,1.0021863160146156
8,c,mean,3.63196937
8,c,median,3.674295
8,c,sd,0.6002163868958863
8,c,mad,0.6457167779999996
8,c,q5,2.5796675
8,c,q95,4.5205025
8,c,rhat,1.001982458791849
9,w[1],mean,0.50231727
9,w[1],median,0.5031525
9,w[1],sd,0.08038034782057725
9,w[1],mad,0.07980539279999997
9,w[1],q5,0.36783735000000006
9,w[1],q95,0.6317837499999999
9,w[1],rhat,1.0000409647216855
9,w[2],mean,0.05694665761655
9,w[2],median,0.04247805
9,w[2],sd,0.05123726781098057
9,w[2],mad,0.04180894935
9,w[2],q5,0.0033460735
9,w[2],q95,0.16222279999999997
9,w[2],rhat,1.0008757664862882
9,w[3],mean,0.2993282164
9,w[3],median,0.2991005
9,w[3],sd,0.07261170141504353
9,w[3],mad,0.07230121289999998
9,w[3],q5,0.1823741
9,w[3],q95,0.42082725
9,w[3],rhat,1.0007003892805246
9,w[4],mean,0.0523149552489
9,w[4],median,0.03844505
9,w[4],sd,0.047069837733648916
9,w[4],mad,0.038161456829999996
9,w[4],q5,0.003036642
9,w[4],q95,0.14938269999999995
9,w[4],rhat,1.0002046903520545
9,w[5],mean,0.089092916556
9,w[5],median,0.07413955
9,w[5],sd,0.07346830365229337
9,w[5],mad,0.07057020326999999
9,w[5],q5,0.004992944000000001
9,w[5],q95,0.22491255
9,w[5],rhat,0.9998878788991616
9,logit_c,mean,1.58486009295
9,logit_c,median,1.5371000000000001
9,logit_c,sd,0.6502640435687305
9,logit_c,mad,0.654130533
9,logit_c,q5,0.5977228
9,logit_c,q95,2.6852080000000003
9,logit_c,rhat,1.0000340385479167
9,c,mean,4.05898535
9,c,median,4.115215
9,c,sd,0.44916270875869385
9,c,mad,0.461955921
9,c,q5,3.2256735
9,c,q95,4.680745000000001
9,c,rhat,0.9999493897678767
10,w[1],mean,0.398005542
10,w[1],median,0.393506
10,w[1],sd,0.08676898708984988
10,w[1],mad,0.08611978619999999
10,w[1],q5,0.25822975000000004
10,w[1],q95,0.5442491500000001
10,w[1],rhat,1.005529691588978
10,w[2],mean,0.05634828425315
10,w[2],median,0.0420116
10,w[2],sd,0.05181048602672114
10,w[2],mad,0.04260858966
10,w[2],q5,0.0030729545
10,w[2],q95,0.16257549999999998
10,w[2],rhat,0.9999308624996196
10,w[3],mean,0.35219639445
10,w[3],median,0.3496495
10,w[3],sd,0.08546101669175325
10,w[3],mad,0.08450523479999998
10,w[3],q5,0.21659245
10,w[3],q95,0.49201304999999995
10,w[3],rhat,0.9999214207314832
10,w[4],mean,0.1190972735245
10,w[4],median,0.103604
10,w[4],sd,0.08552736800285486
10,w[4],mad,0.08807615103
10,w[4],q5,0.0097615845
10,w[4],q95,0.2838832
10,w[4],rhat,0.9998976543411423
10,w[5],mean,0.07435250716685
10,w[5],median,0.05588605
10,w[5],sd,0.06467438238036022
10,w[5],mad,0.05709692751
10,w[5],q5,0.00430345
10,w[5],q95,0.20375999999999997
10,w[5],rhat,0.9994446961655149
10,logit_c,mean,1.563491581
10,logit_c,median,1.54786
10,logit_c,sd,0.6179350317120531
10,logit_c,mad,0.6120172799999999
10,logit_c,q5,0.59216655
10,logit_c,q95,2.6164454999999998
10,logit_c,rhat,1.000553142872973
10,c,mean,4.051438255
10,c,median,4.12302
10,c,sd,0.4440665025818347
10,c,mad,0.43122903599999984
10,c,q5,3.2193085
10,c,q95,4.659561
10,c,rhat,1.0004086964043823
11,w[1],mean,0.272674012065
11,w[1],median,0.271327
11,w[1],sd,0.09148183976262754
11,w[1],mad,0.09012651270000001
11,w[1],q5,0.1237352
11,w[1],q95,0.42967405
11,w[1],rhat,1.0019566950858916
11,w[2],mean,0.079033509556
11,w[2],median,0.061513250000000005
11,w[2],sd,0.06733558743474927
11,w[2],mad,0.061212550979999995
11,w[2],q5,0.0044389485000000005
11,w[2],q95,0.21556119999999998
11,w[2],rhat,1.0007187365243304
11,w[3],mean,0.4704319175
11,w[3],median,0.469534
11,w[3],sd,0.10022619947953604
11,w[3],mad,0.10249139670000001
11,w[3],q5,0.31088305000000005
11,w[3],q95,0.6407964999999999
11,w[3],rhat,1.0029603515897123
11,w[4],mean,0.0749257698425
11,w[4],median,0.05705715
11,w[4],sd,0.06471930494500738
11,w[4],mad,0.056809525500000006
11,w[4],q5,0.0045551615
11,w[4],q95,0.20792670000000002
11,w[4],rhat,1.0009030349498358
11,w[5],mean,0.10293477248
11,w[5],median,0.08345455
11,w[5],sd,0.08356213657275781
11,w[5],mad,0.07696139535
11,w[5],q5,0.007040340500000001
11,w[5],q95,0.26942544999999996
11,w[5],rhat,1.0006291409953274
11,logit_c,mean,1.58359284918
11,logit_c,median,1.541795
11,logit_c,sd,0.6509339428633004
11,logit_c,mad,0.6555093510000001
11,logit_c,q5,0.5956050500000001
11,logit_c,q95,2.6948529999999997
11,logit_c,rhat,1.0034391810452687
11,c,mean,4.05771831
11,c,median,4.118625
11,c,sd,0.4594956842103611
11,c,mad,0.4617409440000002
11,c,q5,3.2232475000000003
11,c,q95,4.683611
11,c,rhat,1.0019248073527545
12,w[1],mean,0.3014083916
12,w[1],median,0.30237000000000003
12,w[1],sd,0.0719067841841342
12,w[1],mad,0.07110623729999994
12,w[1],q5,0.1790234
12,w[1],q95,0.4156473
12,w[1],rhat,0.9995193159065073
12,w[2],mean,0.048943714907835
12,w[2],median,0.035860050000000004
12,w[2],sd,0.045695587636858395
12,w[2],mad,0.037688581560000003
12,w[2],q5,0.0021604350000000005
12,w[2],q95,0.14197664999999998
12,w[2],rhat,1.000706785214339
12,w[3],mean,0.5272343635
12,w[3],median,0.528068
12,w[3],sd,0.07886642550041795
12,w[3],mad,0.07702106999999998
12,w[3],q5,0.39617905
12,w[3],q95,0.6593467
12,w[3],rhat,1.000025228134635
12,w[4],mean,0.05097554576865
12,w[4],median,0.038155549999999996
12,w[4],sd,0.04478115436320258
12,w[4],mad,0.03496319210999999
12,w[4],q5,0.0034265055
12,w[4],q95,0.14205865
12,w[4],rhat,1.0019472646003504
12,w[5],mean,0.07143798879175
12,w[5],median,0.055421700000000004
12,w[5],sd,0.06104435345428902
12,w[5],mad,0.053570192759999996
12,w[5],q5,0.0045812234999999995
12,w[5],q95,0.19255619999999996
12,w[5],rhat,1.0000771824972092
12,logit_c,mean,1.898022598
12,logit_c,median,1.868855
12,logit_c,sd,0.5966708367794105
12,logit_c,mad,0.6075101759999998
12,logit_c,q5,0.9827951
12,logit_c,q95,2.9297655
12,logit_c,rhat,1.0030547724111827
12,c,mean,4.277975175
12,c,median,4.331625
12,c,sd,0.34459534091229177
12,c,mad,0.34399285199999985
12,c,q5,3.6383145
12,c,q95,4.7464865
12,c,rhat,1.00305452904166
13,w[1],mean,0.476178244
13,w[1],median,0.4761215
13,w[1],sd,0.07426393542686117
13,w[1],mad,0.076457682
13,w[1],q5,0.355067
13,w[1],q95,0.59734
13,w[1],rhat,1.0009301616826394
13,w[2],mean,0.0463244235204
13,w[2],median,0.0356519
13,w[2],sd,0.04074707972219779
13,w[2],mad,0.035681734199999995
13,w[2],q5,0.0022058819999999997
13,w[2],q95,0.12491404999999998
13,w[2],rhat,1.0003768112758065
13,w[3],mean,0.348726665
13,w[3],median,0.3470775
13,w[3],sd,0.07088240079504227
13,w[3],mad,0.07302546299999998
13,w[3],q5,0.2350407
13,w[3],q95,0.46633695
13,w[3],rhat,1.0009914937407902
13,w[4],mean,0.05679728788375
13,w[4],median,0.04167565
13,w[4],sd,0.05177488851967933
13,w[4],mad,0.041734374569999996
13,w[4],q5,0.0031771829999999997
13,w[4],q95,0.1615356
13,w[4],rhat,0.9999970545843999
13,w[5],mean,0.0719733789409
13,w[5],median,0.058202699999999996
13,w[5],sd,0.058567318075072934
13,w[5],mad,0.056426940569999987
13,w[5],q5,0.004561263
13,w[5],q95,0.18226245
13,w[5],rhat,1.0015031904410319
13,logit_c,mean,1.889852161
13,logit_c,median,1.852255
13,logit_c,sd,0.6179203119744806
13,logit_c,mad,0.618488829
13,logit_c,q5,0.9526341500000001
13,logit_c,q95,2.9603789999999996
13,logit_c,rhat,1.0009712950581084
13,c,mean,4.268560685
13,c,median,4.321955
13,c,sd,0.3558490694602118
13,c,mad,0.3553347419999997
13,c,q5,3.6082235000000003
13,c,q95,4.753757
13,c,rhat,1.0005863424563886
14,w[1],mean,0.30608736045
14,w[1],median,0.3071055
14,w[1],sd,0.06799893254342876
14,w[1],mad,0.06753465389999999
14,w[1],q5,0.19122945000000002
14,w[1],q95,0.41628794999999996
14,w[1],rhat,1.0012705937844923
14,w[2],mean,0.0488509407255
14,w[2],median,0.03669295
14,w[2],sd,0.04495840539668179
14,w[2],mad,0.03730236426
14,w[2],q5,0.002491334
14,w[2],q95,0.13762755
14,w[2],rhat,1.0001667834406156
14,w[3],mean,0.5672056795
14,w[3],median,0.568119
14,w[3],sd,0.07289291700126464
14,w[3],mad,0.07191870210000009
14,w[3],q5,0.4443171
14,w[3],q95,0.6894393
14,w[3],rhat,1.0006394272930035
14,w[4],mean,0.04213215790115
14,w[4],median,0.03104835
14,w[4],sd,0.03990321637064564
14,w[4],mad,0.031299946965
14,w[4],q5,0.0024000930000000003
14,w[4],q95,0.1175221
14,w[4],rhat,1.0003860043192787
14,w[5],mean,0.03572387008
14,w[5],median,0.026022299999999998
14,w[5],sd,0.03391704295600755
14,w[5],mad,0.025905128802
14,w[5],q5,0.0020639300000000003
14,w[5],q95,0.10517199999999999
14,w[5],rhat,1.0000472291218683
14,logit_c,mean,2.158239418
14,logit_c,median,2.1092500000000003
14,logit_c,sd,0.5800455037244128
14,logit_c,mad,0.5581914870000002
14,logit_c,q5,1.2878105
14,logit_c,q95,3.2079915
14,logit_c,rhat,1.0014012443665519
14,c,mean,4.42338381
14,c,median,4.458995
14,c,sd,0.27648930194010685
14,c,mad,0.2660599829999999
14,c,q5,3.9188875
14,c,q95,4.8056719999999995
14,c,rhat,1.0010840251043331
15,w[1],mean,0.4578378165
15,w[1],median,0.4586095
15,w[1],sd,0.0766690344374025
15,w[1],mad,0.07492319099999999
15,w[1],q5,0.32815815000000004
15,w[1],q95,0.5811079
15,w[1],rhat,1.0006561200614872
15,w[2],mean,0.05899190713455
15,w[2],median,0.041986949999999995
15,w[2],sd,0.05575615791822584
15,w[2],mad,0.04242645224999999
15,w[2],q5,0.003411475
15,w[2],q95,0.1691721499999999
15,w[2],rhat,1.001013199126043
15,w[3],mean,0.3823409855
15,w[3],median,0.380878
15,w[3],sd,0.07303315840225175
15,w[3],mad,0.0726511065
15,w[3],q5,0.26500555000000003
15,w[3],q95,0.5024208
15,w[3],rhat,1.000182115996564
15,w[4],mean,0.04618491237375
15,w[4],median,0.03393255
15,w[4],sd,0.04134558785223549
15,w[4],mad,0.033358055219999995
15,w[4],q5,0.0030128545000000003
15,w[4],q95,0.12841265
15,w[4],rhat,1.0000266282946102
15,w[5],mean,0.05464437428338
15,w[5],median,0.04119815
15,w[5],sd,0.047650640911975226
15,w[5],mad,0.039081780780000006
15,w[5],q5,0.0039097625
15,w[5],q95,0.1572779
15,w[5],rhat,1.00071960457594
15,logit_c,mean,1.90234590855
15,logit_c,median,1.8722699999999999
15,logit_c,sd,0.6244486681186001
15,logit_c,mad,0.598940748
15,logit_c,q5,0.9351227
15,logit_c,q95,2.9663234999999997
15,logit_c,rhat,0.9994442776013732
15,c,mean,4.27478312
15,c,median,4.33361
15,c,sd,0.3596889160666981
15,c,mad,0.33994535399999964
15,c,q5,3.5905609999999997
15,c,q95,4.755149499999999
15,c,rhat,0.9994442771205823
16,w[1],mean,0.5530003485
16,w[1],median,0.551314
16,w[1],sd,0.08658443346592017
16,w[1],mad,0.08251484430000003
16,w[1],q5,0.41187270000000004
16,w[1],q95,0.694429
16,w[1],rhat,1.0025914392103712
16,w[2],mean,0.057330357200165
16,w[2],median,0.042243
16,w[2],sd,0.053878619834214284
16,w[2],mad,0.04338791835
16,w[2],q5,0.0016623205
16,w[2],q95,0.1695272
16,w[2],rhat,1.0010926938293065
16,w[3],mean,0.28080453745
16,w[3],median,0.27998199999999995
16,w[3],sd,0.07857645666050189
16,w[3],mad,0.07832279279999997
16,w[3],q5,0.1546235
16,w[3],q95,0.41052415
16,w[3],rhat,1.0018518887134005
16,w[4],mean,0.0597056543321
16,w[4],median,0.04641015
16,w[4],sd,0.051472478467688536
16,w[4],mad,0.04586749271999999
16,w[4],q5,0.0033561080000000004
16,w[4],q95,0.1638299
16,w[4],rhat,0.9999189858717163
16,w[5],mean,0.04915909657695
16,w[5],median,0.035609749999999996
16,w[5],sd,0.04634089503330903
16,w[5],mad,0.03615624033
16,w[5],q5,0.002489828
16,w[5],q95,0.13963625
16,w[5],rhat,1.0007881522410045
16,logit_c,mean,1.7866327743
16,logit_c,median,1.7601550000000001
16,logit_c,sd,0.6253810975371682
16,logit_c,mad,0.6159239310000001
16,logit_c,q5,0.7972721
16,logit_c,q95,2.8519179999999995
16,logit_c,rhat,1.000458056127742
16,c,mean,4.202196065
16,c,median,4.26615
16,c,sd,0.395402173811669
16,c,mad,0.3787153440000008
16,c,q5,3.446957
16,c,q95,4.727085000000001
16,c,rhat,1.000458105072507
17,w[1],mean,0.543596986
17,w[1],median,0.5433785
17,w[1],sd,0.08893273825124376
17,w[1],mad,0.09286339230000001
17,w[1],q5,0.3982702
17,w[1],q95,0.6919255
17,w[1],rhat,1.003220925526567
17,w[2],mean,0.04031344077755
17,w[2],median,0.0303818
17,w[2],sd,0.035868243480874196
17,w[2],mad,0.02975607852
17,w[2],q5,0.0025020834999999997
17,w[2],q95,0.112412
17,w[2],rhat,1.0005543221390087
17,w[3],mean,0.29005294915
17,w[3],median,0.2892635
17,w[3],sd,0.07806979561665107
17,w[3],mad,0.0800099916
17,w[3],q5,0.16256765
17,w[3],q95,0.4185399
17,w[3],rhat,1.0005891923341197
17,w[4],mean,0.05854859988792
17,w[4],median,0.043964199999999995
17,w[4],sd,0.05131514992322596
17,w[4],mad,0.042391833539999986
17,w[4],q5,0.0041233445
17,w[4],q95,0.15861419999999998
17,w[4],rhat,1.000452955123638
17,w[5],mean,0.06748802571555
17,w[5],median,0.051291550000000005
17,w[5],sd,0.05981380218351629
17,w[5],mad,0.0495744375
17,w[5],q5,0.005051587
17,w[5],q95,0.19306030000000002
17,w[5],rhat,1.0001412559198042
17,logit_c,mean,2.0215453773
17,logit_c,median,1.971295
17,logit_c,sd,0.624628860044968
17,logit_c,mad,0.6135443579999998
17,logit_c,q5,1.0742669999999999
17,logit_c,q95,3.1239725
17,logit_c,rhat,1.0003211032406658
17,c,mean,4.34241394
17,c,median,4.38875
17,c,sd,0.3337604233488048
17,c,mad,0.3185736750000002
17,c,q5,3.7270395
17,c,q95,4.7893545
17,c,rhat,1.0000391639295205
18,w[1],mean,0.6548722885
18,w[1],median,0.6575869999999999
18,w[1],sd,0.10001100130837418
18,w[1],mad,0.10166632979999998
18,w[1],q5,0.48937455
18,w[1],q95,0.8222877999999999
18,w[1],rhat,1.0023564840608246
18,w[2],mean,0.05888454077335
18,w[2],median,0.043745
18,w[2],sd,0.05169561091815005
18,w[2],mad,0.043726395929999995
18,w[2],q5,0.0033475095
18,w[2],q95,0.16569055
18,w[2],rhat,1.0003240206355164
18,w[3],mean,0.1169603615925
18,w[3],median,0.113984
18,w[3],sd,0.06614095081942388
18,w[3],mad,0.06842517759
18,w[3],q5,0.016329445
18,w[3],q95,0.22981524999999997
18,w[3],rhat,1.0004618577951114
18,w[4],mean,0.0748812383785
18,w[4],median,0.057348899999999994
18,w[4],sd,0.06568487751754365
18,w[4],mad,0.05794452992999999
18,w[4],q5,0.004218265499999999
18,w[4],q95,0.20442144999999998
18,w[4],rhat,1.0011316933142436
18,w[5],mean,0.0944015812439
18,w[5],median,0.0740482
18,w[5],sd,0.07927920497243342
18,w[5],mad,0.07459227468
18,w[5],q5,0.0050374370000000005
18,w[5],q95,0.24799029999999994
18,w[5],rhat,1.0015731630157862
18,logit_c,mean,1.647391400695
18,logit_c,median,1.6091250000000001
18,logit_c,sd,0.6690405999225759
18,logit_c,mad,0.6304459980000003
18,logit_c,q5,0.62284465
18,logit_c,q95,2.861553
18,logit_c,rhat,1.0005983436864532
18,c,mean,4.09843058
18,c,median,4.16645
18,c,sd,0.4526273350140981
18,c,mad,0.43285989599999997
18,c,q5,3.2543305000000005
18,c,q95,4.7295685
18,c,rhat,1.0007394789520339
19,w[1],mean,0.523264024
19,w[1],median,0.525665
19,w[1],sd,0.10116392301321225
19,w[1],mad,0.09997320060000006
19,w[1],q5,0.36137945
19,w[1],q95,0.6862650499999999
19,w[1],rhat,1.002612351877895
19,w[2],mean,0.0808276715669
19,w[2],median,0.0615364
19,w[2],sd,0.06932462484010847
19,w[2],mad,0.06081173006999999
19,w[2],q5,0.0046973415000000004
19,w[2],q95,0.21546769999999996
19,w[2],rhat,1.0015271130394359
19,w[3],mean,0.24406375634
19,w[3],median,0.24068050000000002
19,w[3],sd,0.08515872110115819
19,w[3],mad,0.08922435059999999
19,w[3],q5,0.10750105
19,w[3],q95,0.3837146999999999
19,w[3],rhat,1.0017837317924436
19,w[4],mean,0.06317292763945
19,w[4],median,0.0451138
19,w[4],sd,0.058882400330147584
19,w[4],mad,0.04492796909999999
19,w[4],q5,0.0039315555
19,w[4],q95,0.18172104999999994
19,w[4],rhat,1.0007536236709509
19,w[5],mean,0.0886716207761
19,w[5],median,0.0686445
19,w[5],sd,0.07640368241862897
19,w[5],mad,0.06355854308999999
19,w[5],q5,0.0064694985
19,w[5],q95,0.23407894999999995
19,w[5],rhat,1.0010765401947757
19,logit_c,mean,1.21154224291
19,logit_c,median,1.1589200000000002
19,logit_c,sd,0.6183332637969805
19,logit_c,mad,0.6121010468999999
19,logit_c,q5,0.2804565
19,logit_c,q95,2.2485095
19,logit_c,rhat,1.0003199286943105
19,c,mean,3.76982241
19,c,median,3.805685
19,c,sd,0.5216638667585983
19,c,mad,0.548087568
19,c,q5,2.8482875
19,c,q95,4.522606
19,c,rhat,1.000105891341254
20,w[1],mean,0.083273166244
20,w[1],median,0.0755267
20,w[1],sd,0.05713822296308356
20,w[1],mad,0.059507783370000004
20,w[1],q5,0.006872321000000001
20,w[1],q95,0.19188049999999998
20,w[1],rhat,1.0003262936646689
20,w[2],mean,0.064312759170255
20,w[2],median,0.0477901
20,w[2],sd,0.05886608560501642
20,w[2],mad,0.0479198559
20,w[2],q5,0.003324994
20,w[2],q95,0.18285729999999992
20,w[2],rhat,1.0021472992843616
20,w[3],mean,0.654728032
20,w[3],median,0.6521330000000001
20,w[3],sd,0.09717546516338285
20,w[3],mad,0.09786346080000001
20,w[3],q5,0.49483180000000004
20,w[3],q95,0.8205539
20,w[3],rhat,1.0027753555968903
20,w[4],mean,0.10279974430675
20,w[4],median,0.0837281
20,w[4],sd,0.08031729185027864
20,w[4],mad,0.07788705665999998
20,w[4],q5,0.0079091865
20,w[4],q95,0.2609488
20,w[4],rhat,1.0043382013174416
20,w[5],mean,0.0948862934998995
20,w[5],median,0.0778459
20,w[5],sd,0.07375366835288645
20,w[5],mad,0.07150097955
20,w[5],q5,0.006255822
20,w[5],q95,0.23572369999999998
20,w[5],rhat,1.0008376886382195
20,logit_c,mean,1.3034031506
20,logit_c,median,1.2684449999999998
20,logit_c,sd,0.5882932891814796
20,logit_c,mad,0.5543760159
20,logit_c,q5,0.41369845
20,logit_c,q95,2.3376504999999996
20,logit_c,rhat,1.0015948887074444
20,c,mean,3.855229945
20,c,median,3.902385
20,c,sd,0.4776415111801404
20,c,mad,0.4771229189999999
20,c,q5,3.009871
20,c,q95,4.559743999999999
20,c,rhat,1.0015949870475571
21,w[1],mean,0.1087430722796
21,w[1],median,0.09239164999999999
21,w[1],sd,0.0857881803903359
21,w[1],mad,0.07621601819999999
21,w[1],q5,0.008719226
21,w[1],q95,0.27188714999999997
21,w[1],rhat,1.001512893660567
21,w[2],mean,0.154946506803
21,w[2],median,0.1346085
21,w[2],sd,0.11439745007329673
21,w[2],mad,0.11248641872999998
21,w[2],q5,0.01127896
21,w[2],q95,0.3738740499999999
21,w[2],rhat,1.0023694844001299
21,w[3],mean,0.2145440358655
21,w[3],median,0.200307
21,w[3],sd,0.11775444011931244
21,w[3],mad,0.11009342819999998
21,w[3],q5,0.049547615
21,w[3],q95,0.4217592499999998
21,w[3],rhat,1.0050384905519771
21,w[4],mean,0.1634437402145
21,w[4],median,0.13606449999999998
21,w[4],sd,0.12822641771162352
21,w[4],mad,0.12262139819999995
21,w[4],q5,0.01437171
21,w[4],q95,0.4147234499999999
21,w[4],rhat,1.0011940823851544
21,w[5],mean,0.358322659075
21,w[5],median,0.3595125
21,w[5],sd,0.17903801089584684
21,w[5],mad,0.1967195223
21,w[5],q5,0.056930935
21,w[5],q95,0.6473166499999999
21,w[5],rhat,0.9997319178351443
21,logit_c,mean,0.53679833465
21,logit_c,median,0.5660324999999999
21,logit_c,sd,0.8751641898367442
21,logit_c,mad,0.90614814423
21,logit_c,q5,-0.9295821
21,logit_c,q95,1.9664155
21,logit_c,rhat,1.0022009407505212
21,c,mean,3.06935984
21,c,median,3.189235
21,c,sd,0.9113414215250836
21,c,mad,0.9926674169999997
21,c,q5,1.4150495
21,c,q95,4.3861324999999995
21,c,rhat,1.0015025488723976
22,w[1],mean,0.498899279
22,w[1],median,0.5013095000000001
22,w[1],sd,0.06561074409056963
22,w[1],mad,0.06369249599999983
22,w[1],q5,0.3879884
22,w[1],q95,0.6088795999999999
22,w[1],rhat,1.0002616588918087
22,w[2],mean,0.0393963746545
22,w[2],median,0.02957675
22,w[2],sd,0.03638502642171252
22,w[2],mad,0.028909439789999998
22,w[2],q5,0.0020648890000000003
22,w[2],q95,0.11248665
22,w[2],rhat,1.0005994500239996
22,w[3],mean,0.3918636815
22,w[3],median,0.392358
22,w[3],sd,0.06395027230925035
22,w[3],mad,0.06217357229999998
22,w[3],q5,0.28548585000000004
22,w[3],q95,0.49589815
22,w[3],rhat,0.9999827184540874
22,w[4],mean,0.0354392043817
22,w[4],median,0.0264974
22,w[4],sd,0.03162482633563474
22,w[4],mad,0.025655140203000002
22,w[4],q5,0.0023207690000000003
22,w[4],q95,0.09882198499999997
22,w[4],rhat,1.0012087016897873
22,w[5],mean,0.03440145707395
22,w[5],median,0.0257252
22,w[5],sd,0.030783511050306262
22,w[5],mad,0.025163799150000003
22,w[5],q5,0.0019718885
22,w[5],q95,0.09727064499999999
22,w[5],rhat,1.0005685227564636
22,logit_c,mean,2.281657356
22,logit_c,median,2.2545450000000002
22,logit_c,sd,0.577439841726387
22,logit_c,mad,0.5710901069999996
22,logit_c,q5,1.3795169999999999
22,logit_c,q95,3.2762364999999996
22,logit_c,rhat,0.9995101469881631
22,c,mean,4.481463215
22,c,median,4.5252099999999995
22,c,sd,0.2581454996086468
22,c,mad,0.23909890200000067
22,c,q5,3.994575
22,c,q95,4.8180225
22,c,rhat,0.9995103206347832
23,w[1],mean,0.4985745915
23,w[1],median,0.499478
23,w[1],sd,0.06548892864367285
23,w[1],mad,0.06546716820000004
23,w[1],q5,0.391574
23,w[1],q95,0.601808
23,w[1],rhat,1.0014944167933337
23,w[2],mean,0.03278948451895
23,w[2],median,0.0230985
23,w[2],sd,0.031010872784183276
23,w[2],mad,0.022852336794
23,w[2],q5,0.0021106239999999997
23,w[2],q95,0.09713919499999998
23,w[2],rhat,0.999982962361056
23,w[3],mean,0.3977888745
23,w[3],median,0.396699
23,w[3],sd,0.064010700595557593
23,w[3],mad,0.06397567259999995
23,w[3],q5,0.29388244999999996
23,w[3],q95,0.5045233499999999
23,w[3],rhat,1.0002970389532753
23,w[4],mean,0.0354745012156
23,w[4],median,0.0256747
23,w[4],sd,0.03246030797485985
23,w[4],mad,0.025549252910999996
23,w[4],q5,0.0025152775
23,w[4],q95,0.10162325
23,w[4],rhat,1.00012177626407
23,w[5],mean,0.0353725565719
23,w[5],median,0.0258222
23,w[5],sd,0.03294978911322413
23,w[5],mad,0.025809308364000003
23,w[5],q5,0.0019447125
23,w[5],q95,0.10087855
23,w[5],rhat,0.9998848927886448
23,logit_c,mean,2.249404067
23,logit_c,median,2.233125
23,logit_c,sd,0.5694677847216728
23,logit_c,mad,0.5801413799999996
23,logit_c,q5,1.3633455
23,logit_c,q95,3.210451
23,logit_c,rhat,1.0023776595090939
23,c,mean,4.4679796
23,c,median,4.515925
23,c,sd,0.2608646089513518
23,c,mad,0.24924729900000034
23,c,q5,3.9815135
23,c,q95,4.806124
23,c,rhat,1.001662480258122
24,w[1],mean,0.5544399145
24,w[1],median,0.557072
24,w[1],sd,0.087938435403194265
24,w[1],mad,0.08690482289999998
24,w[1],q5,0.41025475
24,w[1],q95,0.7006466000000001
24,w[1],rhat,1.0004269261494065
24,w[2],mean,0.0634623351814
24,w[2],median,0.046339649999999996
24,w[2],sd,0.058047918556840467
24,w[2],mad,0.04714749542999999
24,w[2],q5,0.0033724215
24,w[2],q95,0.17719405000000002
24,w[2],rhat,1.0006282323016316
24,w[3],mean,0.2520705762385
24,w[3],median,0.252548
24,w[3],sd,0.07926687582594409
24,w[3],mad,0.07832205149999998
24,w[3],q5,0.12020499999999999
24,w[3],q95,0.383999
24,w[3],rhat,1.0018972321160113
24,w[4],mean,0.05234506603715
24,w[4],median,0.03892275
24,w[4],sd,0.04598187515815628
24,w[4],mad,0.03854552435999999
24,w[4],q5,0.0037603325
24,w[4],q95,0.1454902
24,w[4],rhat,0.999698768034776
24,w[5],mean,0.07768211605875
24,w[5],median,0.0620514
24,w[5],sd,0.06513829326971594
24,w[5],mad,0.057524435219999996
24,w[5],q5,0.004757615
24,w[5],q95,0.20555924999999997
24,w[5],rhat,1.000483923770603
24,logit_c,mean,1.72595107485
24,logit_c,median,1.66741
24,logit_c,sd,0.6450869856491553
24,logit_c,mad,0.6581261399999997
24,logit_c,q5,0.77943075
24,logit_c,q95,2.8490724999999997
24,logit_c,rhat,1.0001374887730563
24,c,mean,4.15889953
24,c,median,4.206155
24,c,sd,0.40925787046194556
24,c,mad,0.4215476579999996
24,c,q5,3.4277884999999997
24,c,q95,4.7263519999999994
24,c,rhat,1.000206563592872
25,w[1],mean,0.14839570203
25,w[1],median,0.14593899999999999
25,w[1],sd,0.06754826393412493
25,w[1],mad,0.06868767191999998
25,w[1],q5,0.04175521
25,w[1],q95,0.26747219999999994
25,w[1],rhat,1.0017090008242733
25,w[2],mean,0.086302447541
25,w[2],median,0.07022695
25,w[2],sd,0.0680699122853488
25,w[2],mad,0.06386551541999999
25,w[2],q5,0.008121307500000001
25,w[2],q95,0.22008469999999997
25,w[2],rhat,0.9995429261914958
25,w[3],mean,0.578039542
25,w[3],median,0.5758449999999999
25,w[3],sd,0.097190305822099
25,w[3],mad,0.09772483769999997
25,w[3],q5,0.41871385
25,w[3],q95,0.73544845
25,w[3],rhat,1.0000072070478556
25,w[4],mean,0.10153528766135
25,w[4],median,0.0814227
25,w[4],sd,0.08029063375472666
25,w[4],mad,0.07537871985
25,w[4],q5,0.0077032575
25,w[4],q95,0.2587837
25,w[4],rhat,1.0002374799678708
25,w[5],mean,0.08572703284825
25,w[5],median,0.06580315
25,w[5],sd,0.07495418804618383
25,w[5],mad,0.06456626631
25,w[5],q5,0.0041343755
25,w[5],q95,0.23787425
25,w[5],rhat,0.9997443973763666
25,logit_c,mean,1.32988010941
25,logit_c,median,1.30707
25,logit_c,sd,0.6342376578902257
25,logit_c,mad,0.607354503
25,logit_c,q5,0.3641716
25,logit_c,q95,2.4230104999999997
25,logit_c,rhat,1.0000132761595026
25,c,mean,3.86595505
25,c,median,3.9351149999999997
25,c,sd,0.5069012027385281
25,c,mad,0.5107038090000007
25,c,q5,2.950248
25,c,q95,4.5928225
25,c,rhat,1.0000131970743047
